Country,Time,ESGIp,Ep,Sp,Gp,Spread,develop
Australia,2004,86.58374933,0,77.41838711,93.8742774,1.1118,AV
Australia,2005,85.04878184,0.753457155,78.35893833,91.62166995,0.8089,AV
Australia,2006,85.2615437,1.085809928,79.37315333,91.60158672,1.1798,AV
Australia,2007,86.19637507,0.695289854,80.07277559,92.64719619,2.3028,AV
Australia,2008,86.74117937,0.626584228,80.35705053,93.27109587,1.7797,AV
Australia,2009,86.36712854,0.598876942,80.17151846,92.84806558,1.8072,AV
Australia,2010,86.55937649,2.049214229,80.04039906,92.97375589,2.2515,AV
Australia,2011,87.52714505,3.821960488,80.47119849,93.90464185,1.7918,AV
Australia,2012,87.39212023,4.269768981,80.46652377,93.68895314,1.5156,AV
Australia,2013,87.31406469,7.036355349,80.87126789,93.20266119,1.2068,AV
Australia,2014,88.11640729,8.696244097,81.06252279,93.99637525,0.5688,AV
Australia,2015,86.99617924,7.809694178,81.29529586,92.6147941,0.6106,AV
Australia,2016,87.68745426,8.333533508,81.5502257,93.36976197,0.3207,AV
Australia,2017,87.07083886,9.107921721,81.35573101,92.55964548,0.2246,AV
Australia,2018,88.05262902,10.30079124,81.49160788,93.64220809,-0.3662,AV
Australia,2019,88.23897841,13.05904145,81.87438159,93.4962431,-0.5475,AV
Austria,2004,92.14640799,64.37667444,84.99103736,92.34144291,-0.5482,AV
Austria,2005,91.62024272,63.80360366,86.25547582,91.41895002,-1.1111,AV
Austria,2006,92.91744111,65.67890764,87.09618898,92.65247636,-0.7222,AV
Austria,2007,94.85151789,68.05549166,87.97596459,94.62875282,0.4088,AV
Austria,2008,94.20872201,68.51022858,89.21424068,93.45920064,1.6427,AV
Austria,2009,92.35041732,71.08013082,89.89877286,90.6745444,-0.1198,AV
Austria,2010,92.69685873,67.33686512,90.80626391,91.27164824,0.2135,AV
Austria,2011,91.72364091,67.53849944,91.88950378,89.74983462,1.0278,AV
Austria,2012,93.39174623,73.50780534,92.40832959,91.10910725,-0.0094,AV
Austria,2013,94.02307006,75.55725243,91.92078309,91.81681129,-0.7562,AV
Austria,2014,93.92770455,78.34508605,91.65256898,91.47528043,-1.5282,AV
Austria,2015,92.4054705,75.34208377,92.26042826,89.71077527,-1.3704,AV
Austria,2016,91.42396954,76.10041753,89.2675139,89.14348246,-2.0183,AV
Austria,2017,91.39177615,74.22543501,88.86108459,89.39872352,-1.8234,AV
Austria,2018,91.93796022,75.6585639,88.81159265,89.95275055,-2.1862,AV
Austria,2019,91.7220175,75.42926098,88.58932975,89.75948361,-1.8905,AV
Belgium,2004,81.01641796,10.76356504,79.20931187,85.27989786,-0.5302,AV
Belgium,2005,80.45784811,11.85395871,79.78862878,84.31628562,-1.0641,AV
Belgium,2006,80.85376581,12.93190705,80.29170652,84.57863906,-0.7092,AV
Belgium,2007,81.33132266,13.94805716,81.12522734,84.86760124,0.4448,AV
Belgium,2008,80.25288233,14.94915203,81.83472717,83.22395204,1.5627,AV
Belgium,2009,82.02699983,17.54754446,82.1314613,85.12151576,-0.1278,AV
Belgium,2010,82.27266007,17.15771354,82.42517657,85.3984337,0.6765,AV
Belgium,2011,83.49512673,20.21386853,82.83946352,86.52240254,2.2138,AV
Belgium,2012,83.4136967,22.74689486,82.51659531,86.23854014,0.3006,AV
Belgium,2013,84.17635804,23.65455497,82.38719204,87.14038601,-0.4712,AV
Belgium,2014,82.73494792,26.40877286,82.78228603,84.93582772,-1.3402,AV
Belgium,2015,82.9773881,28.22271582,82.72881635,85.06782257,-1.3004,AV
Belgium,2016,82.24359936,26.00203523,82.50004027,84.42811417,-1.9103,AV
Belgium,2017,80.70565009,27.08649493,81.26226676,82.68396899,-1.7704,AV
Belgium,2018,81.17258985,29.80770752,81.30331783,82.98195736,-1.9082,AV
Belgium,2019,81.02363633,28.4697692,81.43567024,82.89901392,-1.8275,AV
Brazil,2004,47.60986107,99.41706722,70.32276295,36.14543352,9.350355556,EM
Brazil,2005,47.90839409,99.89495078,72.19939067,36.00227948,9.304566667,EM
Brazil,2006,48.07689677,99.44808244,73.84491155,35.8485231,9.8578,EM
Brazil,2007,49.52061748,100,75.92756212,37.092441,8.4268,EM
Brazil,2008,51.71140727,97.2494978,78.32260309,39.54316034,11.8647,EM
Brazil,2009,54.66424635,99.93515706,80.20703858,42.52216633,8.7912,EM
Brazil,2010,56.33494544,96.82519407,82.37018245,44.41134881,8.8745,EM
Brazil,2011,56.82612781,97.99148858,84.96356718,44.2605009,10.7308,EM
Brazil,2012,56.52369295,94.9892219,86.28069928,43.85863849,7.4086,EM
Brazil,2013,55.6940691,91.33960536,88.03129398,42.74913659,7.8478,EM
Brazil,2014,55.43960889,88.98641654,88.62633216,42.52187738,10.1928,EM
Brazil,2015,53.7429432,89.73161501,87.65896398,40.54452453,14.2416,EM
Brazil,2016,53.8358544,93.42815121,86.77188227,40.50205264,8.9567,EM
Brazil,2017,53.22205952,92.59597716,86.14024468,39.97134133,7.8506,EM
Brazil,2018,52.67567492,94.41679427,85.80222329,39.17769485,6.5508,EM
Brazil,2019,54.24973886,94.41931698,85.92244302,41.13537513,4.8695,EM
Bulgaria,2004,52.75931687,29.1202713,75.29314533,48.67380812,0.872133333,EM
Bulgaria,2005,54.0036361,30.26500369,77.78194348,49.50266703,0.6609,EM
Bulgaria,2006,54.22469422,29.78200124,81.17492471,48.98065025,0.9398,EM
Bulgaria,2007,55.0090494,27.45557496,83.52560906,49.62225357,0.5538,EM
Bulgaria,2008,54.98597301,27.8331375,84.99282922,49.18597829,2.7247,EM
Bulgaria,2009,56.45170103,31.07133183,85.34948062,50.61282418,3.5752,EM
Bulgaria,2010,56.33512494,32.95497,85.29299951,50.28491476,2.2895,EM
Bulgaria,2011,55.51519868,28.93144846,86.26999895,49.42040536,3.3788,EM
Bulgaria,2012,56.47809708,32.17728009,87.18334043,50.0717148,1.5746,EM
Bulgaria,2013,56.15855981,36.28809852,87.29065015,49.2159947,0.4658,EM
Bulgaria,2014,55.61973467,35.56587138,85.95274836,48.94577757,0.8058,EM
Bulgaria,2015,55.9883257,36.18814838,85.54017256,49.45045576,0.1426,EM
Bulgaria,2016,57.24418011,35.54464301,85.52773013,51.10632963,-0.5363,EM
Bulgaria,2017,57.65921593,33.73081306,85.12076929,51.92024537,-1.4374,EM
Bulgaria,2018,58.44710047,38.41286708,85.31967466,52.38117408,-1.9332,EM
Bulgaria,2019,58.89157674,36.63893848,84.9143529,53.22773572,-1.6605,EM
Canada,2004,88.13409968,41.0447447,76.30953893,91.86503447,0.0878,AV
Canada,2005,87.62798495,42.60727384,77.49693506,90.7662924,-0.4121,AV
Canada,2006,89.01371088,43.23843217,78.35777689,92.23527393,-0.6162,AV
Canada,2007,88.80754709,42.62378155,78.92183999,91.89695548,-0.0332,AV
Canada,2008,89.6010032,44.7392348,79.38052869,92.56523326,0.4717,AV
Canada,2009,90.51596133,47.55369717,79.89434137,93.30084011,-0.2238,AV
Canada,2010,90.09952278,46.6841314,80.64704024,92.67598254,-0.1715,AV
Canada,2011,90.28489249,47.11638251,80.76883347,92.83484658,0.0648,AV
Canada,2012,90.73709246,47.87682097,80.76865649,93.32737823,0.0406,AV
Canada,2013,90.7492934,48.09363041,80.83538328,93.3036228,-0.2692,AV
Canada,2014,91.63616694,48.13229115,81.00671687,94.37679579,-0.3832,AV
Canada,2015,91.71488983,48.5085371,81.0412201,94.42865209,-0.8754,AV
Canada,2016,92.182716,49.76273549,81.344986,94.81359816,-0.7233,AV
Canada,2017,92.40268653,50.64217385,81.44644092,94.97501057,-0.3604,AV
Canada,2018,90.67751344,50.06441023,81.6552645,92.80342978,-0.7172,AV
Canada,2019,90.7049496,50.51980162,82.14707876,92.66759892,-0.2155,AV
Chile,2004,77.49669108,52.58705946,71.85298522,78.35368703,1.651133333,EM
Chile,2005,79.15849931,56.63185601,72.81997622,79.79164338,1.7109,EM
Chile,2006,78.35513036,57.2476171,76.36512335,77.82391139,1.2838,EM
Chile,2007,78.22864095,50.13037579,76.26440044,78.42560782,1.4968,EM
Chile,2008,78.23852001,51.20520021,77.34502349,78.05581735,4.5877,EM
Chile,2009,79.70095957,53.71463335,79.66373687,79.06167743,1.8012,EM
Chile,2010,80.79814928,48.25268732,81.71648856,80.49747334,0.8285,EM
Chile,2011,80.66485155,47.36643544,83.42313326,79.99264687,1.1278,EM
Chile,2012,81.21083986,45.44865651,84.90447492,80.50900274,0.6586,EM
Chile,2013,81.07913567,45.09578071,84.27131689,80.5379936,0.7258,EM
Chile,2014,81.63468766,49.98401941,84.9037289,80.57539876,1.0098,EM
Chile,2015,79.87118151,50.01591289,84.54232267,78.4353915,0.8096,EM
Chile,2016,78.78047497,49.76047029,84.87810242,76.99997613,0.8227,EM
Chile,2017,77.5722927,50.35521951,84.39491829,75.53369271,0.4866,EM
Chile,2018,79.38868469,51.76493294,85.67438324,77.36107135,1.0808,EM
Chile,2019,78.1558133,51.51762165,85.64174561,75.8376787,0.5885,EM
China,2004,29.45566881,32.44498927,65.27050488,21.41088419,-0.609533333,EM
China,2005,30.36851033,31.8055161,67.31789349,22.11636274,-1.0831,EM
China,2006,31.40386368,30.44208886,70.0936417,22.86874189,-1.6442,EM
China,2007,33.40165347,29.82707415,71.95468408,24.9887676,0.4368,EM
China,2008,35.27831959,30.79000893,73.83084042,26.78879906,0.5477,EM
China,2009,36.10538516,30.09756379,75.8232838,27.40520259,-0.1968,EM
China,2010,36.48075484,30.03236758,78.00160622,27.33958608,0.6165,EM
China,2011,37.7451221,28.15857951,79.82364438,28.67326149,1.5638,EM
China,2012,38.83588447,30.2109979,81.68917332,29.37064047,1.8326,EM
China,2013,39.86286459,30.2464546,83.33860533,30.25030077,1.5918,EM
China,2014,42.52215834,32.1355528,84.40702753,33.1456521,1.4788,EM
China,2015,43.63857672,33.19495979,85.26203182,34.23165585,0.5906,EM
China,2016,45.21212669,34.38448405,86.1086503,35.8836782,0.6157,EM
China,2017,47.94763799,34.64065611,87.31713585,39.00906372,1.4966,EM
China,2018,49.08796798,34.82113699,89.09997796,39.98342013,0.6258,EM
China,2019,49.22602629,35.39123114,90.96611569,39.63067423,1.2265,EM
Colombia,2004,38.46102643,93.49397382,70.28778863,25.21156504,8.5278,EM
Colombia,2005,40.80135567,92.37052396,74.97697146,27.10733908,4.2799,EM
Colombia,2006,43.18093212,92.47036034,75.90975561,29.86850082,4.5218,EM
Colombia,2007,45.19955718,93.01720842,77.43288701,31.97943231,6.9318,EM
Colombia,2008,46.31834843,94.12922852,80.29455911,32.55958727,8.3377,EM
Colombia,2009,44.86085906,87.4442024,79.96123683,31.49382611,4.6662,EM
Colombia,2010,47.61974194,86.84447944,81.44390384,34.66847974,4.4005,EM
Colombia,2011,50.84152672,93.3285053,81.79096129,37.97995565,5.3078,EM
Colombia,2012,50.45209101,90.92086458,83.1066812,37.40705569,3.7176,EM
Colombia,2013,50.85625677,84.67402827,84.43030773,38.23163644,3.7408,EM
Colombia,2014,52.41759772,84.57688111,85.76199539,39.87964125,4.9288,EM
Colombia,2015,53.37219909,81.40821737,86.64602466,41.1913237,6.3876,EM
Colombia,2016,54.65790844,82.17044537,86.91301792,42.66939921,4.6637,EM
Colombia,2017,55.2707396,90.18156816,87.95145587,42.35426901,4.0706,EM
Colombia,2018,55.72736037,88.71228387,88.31441514,42.99192279,4.0678,EM
Colombia,2019,56.9032756,86.07350783,89.91191895,44.34933637,4.4215,EM
Czech Republic,2004,70.67227474,17.01625494,85.22886642,70.05800692,0.7878,AV
Czech Republic,2005,72.6866766,17.80269986,86.55059445,72.18934622,-0.6891,AV
Czech Republic,2006,73.93186877,17.99540111,87.04798422,73.61735893,-0.9872,AV
Czech Republic,2007,73.08913576,17.63945313,87.80520951,72.39981306,0.7418,AV
Czech Republic,2008,74.77038356,19.01404043,88.23449838,74.27341283,1.9537,AV
Czech Republic,2009,74.7824745,21.13832927,87.44248988,74.26764069,0.0702,AV
Czech Republic,2010,75.04023108,21.58642405,87.33956671,74.57266673,0.6115,AV
Czech Republic,2011,75.84550272,22.89713649,87.5541403,75.40034835,1.7138,AV
Czech Republic,2012,75.11231205,24.16494165,88.12557972,74.19980883,0.0786,AV
Czech Republic,2013,75.34235307,25.82115199,88.31121304,74.27247587,-0.5092,AV
Czech Republic,2014,76.37762988,26.201299,88.36733759,75.52666712,-1.4322,AV
Czech Republic,2015,76.57872568,26.47674293,86.73633391,76.16132972,-1.7404,AV
Czech Republic,2016,76.18405468,26.23856787,86.81114184,75.66871533,-2.0103,AV
Czech Republic,2017,77.32160094,26.31136904,87.13268506,77.01728332,-0.6844,AV
Czech Republic,2018,76.88068394,26.34513246,87.32074454,76.40971903,-0.7412,AV
Czech Republic,2019,76.54109141,26.95846201,87.69187675,75.82425578,-0.2835,AV
Denmark,2004,91.1169445,22.84615723,77.1918947,97.2935392,-0.3732,AV
Denmark,2005,90.05495883,26.13457556,78.01499196,95.40558028,-1.1071,AV
Denmark,2006,90.95716276,19.64548359,79.39775684,96.86942394,-0.7742,AV
Denmark,2007,92.58838798,24.81768006,80.74296488,98.05725588,0.4238,AV
Denmark,2008,92.11142704,26.79393286,81.00711822,97.18415131,2.7027,AV
Denmark,2009,92.17453535,27.68852835,81.56147295,97.03225629,-0.1688,AV
Denmark,2010,91.79579232,30.23896753,80.68254909,96.51057073,-0.2745,AV
Denmark,2011,93.50554926,36.81556465,82.12404836,97.62816733,-0.1942,AV
Denmark,2012,92.87133209,43.08282344,81.8972792,96.23574718,-0.6904,AV
Denmark,2013,93.04225891,41.25141364,81.37097364,96.77310223,-1.0522,AV
Denmark,2014,92.62154633,48.53474504,82.09218213,95.30743138,-1.3252,AV
Denmark,2015,93.02847089,55.03024828,81.80830927,95.22072756,-1.2984,AV
Denmark,2016,91.76699251,51.44563307,81.6086468,94.04830619,-2.1153,AV
Denmark,2017,92.09697233,58.11664897,81.98594239,93.68039945,-1.9284,AV
Denmark,2018,92.58713983,57.05661525,81.78009692,94.4607856,-2.4592,AV
Denmark,2019,93.31657128,62.35652638,81.93348477,94.79539513,-2.0685,AV
"Egypt, Arab Rep.",2004,30.19836007,24.40322859,61.72988997,24.06896754,-2.365977778,EM
"Egypt, Arab Rep.",2005,31.44556031,23.56824134,64.60473194,25.00939737,-2.5051,EM
"Egypt, Arab Rep.",2006,29.32216711,23.13356264,66.17693172,21.97802572,-3.1292,EM
"Egypt, Arab Rep.",2007,32.15436598,23.78914775,67.73073581,25.09758841,-1.925533333,EM
"Egypt, Arab Rep.",2008,33.91600684,22.94613844,71.11117499,26.56176842,-0.5563,EM
"Egypt, Arab Rep.",2009,35.35033375,21.72064944,72.31815664,28.19734709,-1.4488,EM
"Egypt, Arab Rep.",2010,34.52066039,21.8708492,75.3180569,26.38133174,-1.0445,EM
"Egypt, Arab Rep.",2011,31.3067359,21.79640323,77.12073917,21.87749761,0.3748,EM
"Egypt, Arab Rep.",2012,31.80605835,21.56655135,77.88928659,22.33913339,0.9066,EM
"Egypt, Arab Rep.",2013,29.48718052,21.74772595,79.48250066,18.99188346,-0.9612,EM
"Egypt, Arab Rep.",2014,29.06802052,21.52864966,79.44720028,18.49398543,-0.0452,EM
"Egypt, Arab Rep.",2015,29.72166502,21.32927704,78.91063046,19.47479171,-0.3074,EM
"Egypt, Arab Rep.",2016,30.66660446,20.96365194,80.14674753,20.39600495,-1.5573,EM
"Egypt, Arab Rep.",2017,31.59795879,20.53013087,80.99811634,21.40360275,-1.5234,EM
"Egypt, Arab Rep.",2018,32.80004323,20.67806019,80.2033485,23.10595762,-1.6752,EM
"Egypt, Arab Rep.",2019,33.61491728,21.32097874,80.85227074,23.90587925,-1.0635,EM
Finland,2004,97.44864233,48.13263719,87.85552155,100,-0.5182,AV
Finland,2005,96.88378235,54.08171953,88.77523492,98.44047903,-1.1511,AV
Finland,2006,96.24077045,46.86232568,90.29231759,97.99450358,-0.7222,AV
Finland,2007,95.25590777,49.03014096,91.24711049,96.28682823,0.3808,AV
Finland,2008,96.49427187,55.27361392,92.80545908,96.81418253,1.4627,AV
Finland,2009,98.09613973,52.73077209,94.57294247,98.65702464,-0.2728,AV
Finland,2010,98.19737002,50.09269822,95.90943262,98.72247861,-0.1335,AV
Finland,2011,98.89320852,54.32522539,96.94592039,98.90352723,0.4378,AV
Finland,2012,100,60.7447721,97.39589852,99.52453975,-0.2304,AV
Finland,2013,98.84610497,57.96065904,93.53121263,99.32462597,-0.8982,AV
Finland,2014,98.7732118,60.92133163,93.99084353,98.8110093,-1.5132,AV
Finland,2015,97.80976783,65.62497128,93.55517676,97.21690566,-1.3504,AV
Finland,2016,97.21443012,64.54238116,93.22140359,96.66068493,-2.0963,AV
Finland,2017,98.14187252,66.84430394,92.98873505,97.652342,-1.8044,AV
Finland,2018,97.79920211,65.93754221,92.73126367,97.37792057,-2.1362,AV
Finland,2019,97.68595622,67.38651886,92.78798603,97.07077874,-1.8675,AV
France,2004,81.18976488,28.75430553,78.80544175,83.73924209,-0.5412,AV
France,2005,81.2409215,28.03534421,79.3943379,83.73048859,-1.0871,AV
France,2006,82.27831197,29.15797018,80.67972346,84.60217022,-0.7212,AV
France,2007,82.06258387,30.06766682,81.49761073,84.03042138,0.3988,AV
France,2008,82.7009035,31.20034476,81.82362615,84.63769505,1.2017,AV
France,2009,81.89369535,31.89201279,82.00953809,83.49997844,-0.2438,AV
France,2010,82.96052925,32.27169738,82.11642335,84.78134115,0.0685,AV
France,2011,82.02109443,31.81781991,82.59045214,83.52283118,1.2718,AV
France,2012,81.83902008,33.92218302,82.75680023,83.03346369,0.2396,AV
France,2013,81.91069257,35.29693075,83.01055718,82.91812941,-0.4702,AV
France,2014,81.32049511,35.89937582,83.35787811,82.02324228,-1.3452,AV
France,2015,80.58474989,35.53634756,83.5996168,81.07087605,-1.2814,AV
France,2016,79.89252985,36.59124243,83.96162551,79.99664576,-1.7583,AV
France,2017,80.95163597,35.93367122,84.1350045,81.35885813,-1.6204,AV
France,2018,81.13340279,38.19842181,84.24133892,81.32750059,-1.9742,AV
France,2019,82.55945624,38.62574774,84.63044044,82.98684451,-1.7995,AV
Germany,2004,83.56049545,22.61558898,80.93355031,86.83466557,-0.5352,AV
Germany,2005,85.15154131,23.57796113,82.12246355,88.44641197,-1.0821,AV
Germany,2006,86.4960434,23.98707218,83.46850143,89.76457536,-0.7542,AV
Germany,2007,86.93347401,26.07707214,85.08351661,89.69573039,0.2838,AV
Germany,2008,86.27254712,26.40053339,86.42910157,88.48993682,0.7387,AV
Germany,2009,86.25545636,28.57257457,86.42453865,88.24482485,-0.4498,AV
Germany,2010,85.71826124,27.98821263,84.30442342,88.15863639,-0.3305,AV
Germany,2011,86.24923423,30.64408197,84.49522911,88.50669175,-0.0472,AV
Germany,2012,86.81562573,32.07600047,84.55737973,89.05835944,-0.4414,AV
Germany,2013,87.33869176,32.39490165,85.53109087,89.44175411,-1.0992,AV
Germany,2014,89.81437511,34.4967942,85.33874321,92.39947149,-1.6302,AV
Germany,2015,88.80019021,36.42157765,84.90012729,91.02945785,-1.6404,AV
Germany,2016,88.77813079,36.41645257,86.00025935,90.72614099,-2.2363,AV
Germany,2017,88.68062371,39.1595927,86.67433314,90.15014075,-1.9784,AV
Germany,2018,88.75350763,41.0009417,86.17777482,90.17630068,-2.4422,AV
Germany,2019,88.40134424,45.04071931,86.40532123,89.25655765,-2.1025,AV
Greece,2004,71.14088302,23.06791499,80.48407786,71.21421155,-0.4152,AV
Greece,2005,70.82478913,22.92327728,81.90905154,70.47245771,-0.8871,AV
Greece,2006,70.97970085,24.37100291,83.28204092,70.17393221,-0.4952,AV
Greece,2007,70.34430672,20.8462242,84.73016792,69.37271532,0.6058,AV
Greece,2008,69.79041163,22.44436443,86.63531571,68.02988229,3.0127,AV
Greece,2009,67.66484667,26.00751363,86.4509638,65.02290064,1.9372,AV
Greece,2010,66.8423671,30.04001494,85.55843739,63.79087133,9.1785,AV
Greece,2011,65.71148149,27.6950388,85.75085346,62.55680934,33.0868,AV
Greece,2012,64.18482642,29.86326585,87.49734056,59.96617913,10.1426,AV
Greece,2013,66.36061757,36.33427615,86.68763752,62.24806446,5.3908,AV
Greece,2014,64.35381477,36.22425116,86.57848886,59.75216163,7.5738,AV
Greece,2015,63.9546161,39.41318298,86.93386295,58.82895309,6.0156,AV
Greece,2016,62.84931891,39.18067231,86.90134048,57.46513148,4.6627,AV
Greece,2017,63.45775184,37.16910958,87.26844983,58.34958034,1.7096,AV
Greece,2018,66.24408884,40.75802629,86.08185346,61.79527329,1.7138,AV
Greece,2019,67.97186779,42.2160006,85.61815353,63.9430383,-0.4495,AV
Hungary,2004,70.10240139,21.68741387,78.78967417,70.47043423,2.8318,EM
Hungary,2005,70.13719482,23.15726314,79.52308972,70.17835351,2.5789,EM
Hungary,2006,71.43888137,22.68353157,80.94297686,71.51523206,2.0078,EM
Hungary,2007,70.26310456,23.25096545,82.18392813,69.66017733,3.0568,EM
Hungary,2008,70.29497002,24.18176533,83.96224462,69.15802683,5.9377,EM
Hungary,2009,68.67918102,26.49245833,83.8294075,66.91153841,4.0832,EM
Hungary,2010,68.87151994,26.48236367,84.25574586,67.04856009,4.6565,EM
Hungary,2011,69.32522198,26.45020187,84.16955562,67.64655121,7.8738,EM
Hungary,2012,68.16829329,27.12486252,84.45532831,66.04383238,4.3526,EM
Hungary,2013,68.50459763,28.58065359,84.58497192,66.28549062,2.5818,EM
Hungary,2014,66.21602172,29.44884036,85.48516562,63.07930521,1.4288,EM
Hungary,2015,65.57366891,28.91141027,83.5032742,62.82076867,1.0606,EM
Hungary,2016,64.40812774,28.49563676,84.25292253,61.20359331,0.7157,EM
Hungary,2017,65.44530015,28.28736978,84.47721176,62.4788561,-0.3854,EM
Hungary,2018,65.03419062,28.95761303,84.89102712,61.78646953,0.3258,EM
Hungary,2019,64.74438538,30.32134549,85.614692,61.09783141,0.0925,EM
India,2004,0,38.0659191,0,0,2.3358,EM
India,2005,4.319690645,38.54032937,4.554658381,4.264248669,2.7229,EM
India,2006,6.690833096,39.32303848,7.597577586,6.414763358,2.9088,EM
India,2007,8.810189188,39.83006474,11.95196046,7.946777688,3.7698,EM
India,2008,10.42812256,39.40099122,16.02831805,9.012051543,3.0497,EM
India,2009,11.93287454,38.27392944,22.51588425,9.40168234,3.7522,EM
India,2010,14.20466832,38.40597768,27.44344174,11.02122809,4.6255,EM
India,2011,14.02533381,39.31639242,21.78235994,12.12072094,6.6908,EM
India,2012,16.92707562,38.16239732,35.10562089,12.5627471,6.2926,EM
India,2013,19.08030011,38.98871532,37.44317813,14.61046362,5.7968,EM
India,2014,22.11863386,38.2177363,42.2329222,17.32615679,5.6858,EM
India,2015,26.19126831,37.31485599,48.35989293,21.02638903,5.4916,EM
India,2016,28.67694686,37.0581837,52.24750412,23.21717392,4.0707,EM
India,2017,31.72169944,37.70827141,56.93144604,25.82052489,4.9206,EM
India,2018,33.95830138,38.31930579,60.92791742,27.57965429,4.6848,EM
India,2019,36.07125008,39.64538044,64.78024864,29.14480299,4.6375,EM
Indonesia,2004,11.24124276,52.01370384,46.69727737,1.040642719,6.2028,EM
Indonesia,2005,14.97531173,51.9632405,46.34145668,5.851391012,9.2329,EM
Indonesia,2006,19.53158478,51.07471538,53.09542683,10.00369909,5.4728,EM
Indonesia,2007,23.00126196,51.20712946,55.76416161,13.70283803,5.9948,EM
Indonesia,2008,25.62188539,51.17455287,60.49427282,15.82952919,9.6767,EM
Indonesia,2009,27.33886094,50.96789024,63.25009039,17.32816919,6.2232,EM
Indonesia,2010,28.89977903,52.70806511,67.03669307,18.16973863,4.3125,EM
Indonesia,2011,30.86191259,49.58135504,70.08972147,20.20550447,4.1508,EM
Indonesia,2012,33.54284905,48.79164288,73.12904197,22.91085033,3.4336,EM
Indonesia,2013,35.95876805,50.01213788,75.76087661,25.1757629,5.4238,EM
Indonesia,2014,39.34854672,49.28016796,77.09669554,29.19777933,5.6248,EM
Indonesia,2015,38.75027361,47.92836814,78.71968464,28.17481338,6.7236,EM
Indonesia,2016,42.59636078,48.80883837,81.63173776,32.21095469,5.5287,EM
Indonesia,2017,44.10683666,48.75941824,84.92606568,33.29741966,3.9136,EM
Indonesia,2018,44.77538479,51.27115167,80.89498574,34.89327175,5.3408,EM
Indonesia,2019,45.61702643,50.13339406,82.89557151,35.57210473,5.1455,EM
Ireland,2004,79.49662823,8.154523884,75.01372908,84.68274732,-0.4752,AV
Ireland,2005,82.1816559,8.840236084,75.55874216,87.86638197,-1.1021,AV
Ireland,2006,83.21355232,10.62606358,77.35573192,88.53418071,-0.7492,AV
Ireland,2007,84.06380627,11.62354999,77.94521453,89.35702419,0.4678,AV
Ireland,2008,84.40679383,13.35100735,77.89404499,89.62438289,2.0537,AV
Ireland,2009,82.76592672,17.31471593,77.13631062,87.33200133,1.0022,AV
Ireland,2010,82.44064416,16.88544116,77.15610249,86.96059557,5.7645,AV
Ireland,2011,82.67135208,22.421315,77.70165567,86.54251098,6.3308,AV
Ireland,2012,82.67229564,22.10905592,77.93009332,86.5186949,4.3396,AV
Ireland,2013,82.73971564,24.10170619,77.69957976,86.45556205,0.4848,AV
Ireland,2014,85.07150499,25.98771833,77.79950266,89.18054559,-0.9212,AV
Ireland,2015,84.8437376,27.35687415,77.7210397,88.77092873,-1.1174,AV
Ireland,2016,82.58493909,25.16312591,77.77558056,86.13121709,-1.6933,AV
Ireland,2017,82.49968979,28.21524682,77.75737532,85.71240758,-1.7354,AV
Ireland,2018,83.68815499,30.86495063,77.74405655,86.9427451,-1.7802,AV
Ireland,2019,82.83942588,33.69855012,78.00560023,85.51205669,-1.7985,AV
Italy,2004,72.12813469,30.04908806,83.9930566,70.85875014,-0.3862,AV
Italy,2005,71.992964,29.113701,86.09314661,70.25793863,-0.8821,AV
Italy,2006,71.82235177,29.51015652,87.80763057,69.57133602,-0.5002,AV
Italy,2007,71.25900849,29.30884861,89.44409415,68.47010349,0.6288,AV
Italy,2008,71.81675401,31.61515251,89.84676081,68.8349831,2.1697,AV
Italy,2009,71.75895432,36.55704668,89.77050395,68.26993325,0.3052,AV
Italy,2010,72.09126457,37.42908172,90.71282899,68.36305534,1.5215,AV
Italy,2011,71.71036571,38.99840124,91.32181225,67.56686692,5.2318,AV
Italy,2012,71.81703155,41.7599682,91.49462225,67.37258827,2.7396,AV
Italy,2013,72.7828765,47.54867188,91.28008367,68.04753725,1.0968,AV
Italy,2014,71.85224643,50.88926163,89.82836431,66.89076168,-0.2812,AV
Italy,2015,71.49850292,47.86021025,89.31107706,66.88705756,-0.6734,AV
Italy,2016,72.32338657,47.38442018,89.03160293,68.04824063,-0.6293,AV
Italy,2017,72.02024241,46.32360614,88.63970497,67.87340005,-0.3894,AV
Italy,2018,72.23661966,49.09848398,88.64481822,67.85838339,0.0578,AV
Italy,2019,73.46856181,49.80759732,88.27594565,69.43355979,-0.5055,AV
Japan,2004,83.83192089,43.58710088,87.87546674,83.26675907,-2.7772,AV
Japan,2005,83.87709848,42.72475977,88.49505559,83.25758495,-2.9111,AV
Japan,2006,86.17079599,43.6251775,88.99382778,85.93634697,-3.0172,AV
Japan,2007,84.58599397,42.24106864,89.61879077,83.92107125,-2.5132,AV
Japan,2008,84.64604698,43.47644492,89.98681837,83.77681082,-1.0383,AV
Japan,2009,85.35169408,44.66397119,90.27777665,84.47224278,-2.5418,AV
Japan,2010,85.70675703,44.33399655,90.849873,84.81131277,-2.1655,AV
Japan,2011,86.15697169,43.87714256,91.56731551,85.24722458,-0.8882,AV
Japan,2012,86.85464507,43.52121484,92.25022377,85.99390968,-0.9664,AV
Japan,2013,88.33639414,43.9503255,92.8451394,87.67178292,-2.2872,AV
Japan,2014,89.84168743,45.69733056,94.01146067,89.09972781,-1.8422,AV
Japan,2015,89.92116551,47.4043585,94.4316434,88.91813159,-2.0044,AV
Japan,2016,90.43516202,47.92833257,95.04730526,89.3586811,-2.3983,AV
Japan,2017,90.72184962,49.33751554,95.55569261,89.44747888,-2.3574,AV
Japan,2018,90.60228835,50.53762615,96.19117668,89.01291125,-2.6812,AV
Japan,2019,90.50233471,51.94279101,97.01857196,88.5337546,-1.9285,AV
"Korea, Rep.",2004,71.71236539,36.11705389,88.58956055,68.55285937,-0.3952,AV
"Korea, Rep.",2005,73.63859308,36.66890865,88.98967804,70.82829712,1.2409,AV
"Korea, Rep.",2006,72.49260038,36.4243199,89.66680493,69.23629842,0.3548,AV
"Korea, Rep.",2007,75.83778341,35.4942939,90.64788781,73.31146636,1.6768,AV
"Korea, Rep.",2008,73.40095273,34.96802106,91.10088289,70.1744558,2.0077,AV
"Korea, Rep.",2009,74.93739314,34.96812446,91.44830384,72.02786949,1.5532,AV
"Korea, Rep.",2010,75.42355055,33.06771353,91.94676915,72.71342997,1.2265,AV
"Korea, Rep.",2011,76.52855902,32.50959947,92.33922319,74.06837273,1.9138,AV
"Korea, Rep.",2012,75.60155253,32.63767155,92.55006966,72.83138815,1.4026,AV
"Korea, Rep.",2013,76.09086271,32.59903304,92.7793383,73.39588585,0.5568,AV
"Korea, Rep.",2014,76.37840359,32.82417522,93.38829252,73.58300677,0.4338,AV
"Korea, Rep.",2015,75.47097827,32.78408364,93.87450534,72.31906844,-0.1844,AV
"Korea, Rep.",2016,76.84358299,32.59956939,94.3125888,73.96190397,-0.3523,AV
"Korea, Rep.",2017,77.96301391,32.8720742,94.46177858,75.31017231,0.0616,AV
"Korea, Rep.",2018,80.03398238,32.78568645,94.81092164,77.84722884,-0.7282,AV
"Korea, Rep.",2019,80.93399136,34.17662316,95.44095488,78.68204452,-0.2455,AV
Mexico,2004,46.29838171,38.95974932,68.60954399,41.17232544,6.0538,EM
Mexico,2005,45.03064045,39.13949312,70.65954532,39.03825521,3.8489,EM
Mexico,2006,45.43435581,39.1373126,72.19983422,39.16198271,2.7028,EM
Mexico,2007,45.47359683,38.35807312,72.79010245,39.14407019,3.8748,EM
Mexico,2008,45.47904474,40.45582963,74.68327819,38.45903212,5.7477,EM
Mexico,2009,45.87120288,37.87841215,75.01273202,39.13829506,4.1692,EM
Mexico,2010,46.41341729,40.0513344,76.94872528,39.11269628,3.6665,EM
Mexico,2011,47.17801919,38.78701278,77.50911539,40.06861206,4.6328,EM
Mexico,2012,48.42094189,38.02265665,78.39126563,41.49623082,3.6206,EM
Mexico,2013,48.32254642,37.84456778,79.30441381,41.16129747,3.4188,EM
Mexico,2014,47.10485613,40.62303716,79.66895627,39.2444613,3.6728,EM
Mexico,2015,46.97268968,39.23837316,80.20443036,39.08642442,4.0076,EM
Mexico,2016,47.21871284,39.14832676,81.21649289,39.15258328,4.9917,EM
Mexico,2017,45.90879319,40.03772611,82.15267531,37.17125394,5.2516,EM
Mexico,2018,46.29541823,40.46289745,82.07906222,37.63406382,5.9728,EM
Mexico,2019,46.14363909,41.05756723,82.87303197,37.18167052,4.9925,EM
Netherlands,2004,86.9731948,8.055335923,75.62083141,93.98388247,-0.5572,AV
Netherlands,2005,86.20958348,9.887049079,76.44083963,92.62423404,-1.0981,AV
Netherlands,2006,85.95741146,10.88918168,77.8858718,91.83956488,-0.7292,AV
Netherlands,2007,86.54877435,10.43696672,79.30056607,92.27835582,0.3838,AV
Netherlands,2008,86.65650326,11.19663103,80.35697453,92.07082724,1.3337,AV
Netherlands,2009,87.11431896,12.21952684,80.08233419,92.61215721,-0.2818,AV
Netherlands,2010,87.07331331,10.98474221,79.49381904,92.83572667,-0.1395,AV
Netherlands,2011,88.81699342,13.20461301,79.59892643,94.7820727,0.3118,AV
Netherlands,2012,89.23219985,14.32779919,79.25830519,95.27576416,-0.2584,AV
Netherlands,2013,88.75793218,14.26327589,79.20418187,94.69699858,-0.7942,AV
Netherlands,2014,89.03056172,14.61757547,79.28733562,94.98383138,-1.4862,AV
Netherlands,2015,88.52327245,14.53815716,80.04388275,94.16152982,-1.4764,AV
Netherlands,2016,89.09087023,14.8526145,80.13701499,94.8225362,-2.0873,AV
Netherlands,2017,89.36135485,16.29707143,79.76993036,95.10684605,-1.8764,AV
Netherlands,2018,89.67260251,17.73749922,80.02399988,95.28723176,-2.2942,AV
Netherlands,2019,89.06464331,19.60407098,80.53405088,94.19832951,-1.9695,AV
Philippines,2004,23.59946166,50.81837012,49.53046146,16.0624184,9.1788,EM
Philippines,2005,25.91836911,49.93354735,42.67265854,20.80319279,5.4999,EM
Philippines,2006,23.90934675,52.21202946,44.3410555,17.61150069,1.5488,EM
Philippines,2007,25.99549669,49.41331583,48.36725219,19.52584233,3.0008,EM
Philippines,2008,26.0260526,50.62532075,51.29498658,18.70460144,6.0877,EM
Philippines,2009,26.86351012,49.78311402,53.06658509,19.40502369,3.8562,EM
Philippines,2010,27.28612652,45.81951446,55.31790959,19.7840087,4.5865,EM
Philippines,2011,30.08041533,47.32652044,58.59086323,22.33634557,3.3068,EM
Philippines,2012,32.25621358,47.19390377,59.65289664,24.83174819,2.9166,EM
Philippines,2013,34.00600518,45.92218909,60.30019768,27.01095627,0.2648,EM
Philippines,2014,37.12654903,45.43327517,63.12006209,30.29548247,1.7768,EM
Philippines,2015,36.69293827,45.21536248,63.55733451,29.66066004,1.8386,EM
Philippines,2016,35.68872716,44.39365339,66.93606127,27.62969443,2.1927,EM
Philippines,2017,36.64306574,44.49807017,68.47551579,28.43806231,2.5216,EM
Philippines,2018,37.59019052,43.52213983,71.94306615,28.86537462,4.3278,EM
Philippines,2019,39.71739782,41.97060814,76.89408646,30.47056157,2.4265,EM
Poland,2004,60.97531404,21.17443181,76.29250927,59.62210382,1.6038,EM
Poland,2005,62.72584355,21.47227399,78.55596766,61.23445491,0.7089,EM
Poland,2006,62.10739852,21.00447834,81.52679226,59.75644659,0.5208,EM
Poland,2007,64.31261772,21.52141696,82.88125242,62.14846083,1.8928,EM
Poland,2008,67.16132343,22.34563815,83.6283131,65.47381304,3.1747,EM
Poland,2009,68.81861585,23.86244036,83.92650252,67.33533426,2.4222,EM
Poland,2010,70.53296293,23.79682869,84.79095101,69.29054362,2.7615,EM
Poland,2011,71.53710376,24.50296642,86.04152604,70.17204296,4.0138,EM
Poland,2012,72.84284104,26.25916935,87.34824858,71.31176809,1.9786,EM
Poland,2013,73.40510795,26.42905737,88.69016605,71.6677182,1.3188,EM
Poland,2014,74.46895533,28.23833412,88.56268403,72.85623012,0.3468,EM
Poland,2015,74.14408616,28.86230959,88.35873169,72.43253067,0.6736,EM
Poland,2016,71.91497137,28.32970933,88.81836566,69.55686188,1.1887,EM
Poland,2017,70.66946844,28.00689916,88.43989093,68.11208312,0.8976,EM
Poland,2018,69.98605473,27.14457044,88.08664343,67.42672135,0.1408,EM
Poland,2019,70.57566692,29.20067014,88.26105734,67.91499093,0.2015,EM
Portugal,2004,80.0946208,42.7449817,82.93016352,79.8741251,-0.5422,AV
Portugal,2005,80.22549087,36.74101023,84.08901133,80.36973938,-0.9861,AV
Portugal,2006,78.33164634,46.09301124,85.65322887,76.61798936,-0.5882,AV
Portugal,2007,78.63949267,47.82018545,87.02846297,76.48315728,0.5218,AV
Portugal,2008,80.13481099,46.78825086,87.79054388,78.28735979,1.7607,AV
Portugal,2009,79.28158927,50.02431344,85.70813523,77.39738396,0.2322,AV
Portugal,2010,78.52596633,60.04909763,86.2849616,75.2613607,3.3075,AV
Portugal,2011,78.48297836,56.54481278,86.53333072,75.50723238,11.4848,AV
Portugal,2012,78.95050816,54.52676983,86.47974306,76.31992408,5.2536,AV
Portugal,2013,80.55202847,64.19341218,86.57289755,77.3194406,3.1018,AV
Portugal,2014,80.36301313,65.68497929,86.45307119,76.95648372,0.5158,AV
Portugal,2015,81.76903126,57.18234553,86.30158959,79.64982817,0.2466,AV
Portugal,2016,81.66474555,61.64797001,86.12861867,79.09959114,1.3197,AV
Portugal,2017,82.28878751,51.74012282,86.21498796,80.89095428,-0.4624,AV
Portugal,2018,82.32196724,58.88534359,86.33946977,80.16254989,-0.9622,AV
Portugal,2019,82.16976589,61.28086224,86.31607524,79.72839658,-1.4755,AV
Romania,2004,44.1400709,42.20667205,69.36231036,37.92160364,5.3818,EM
Romania,2005,45.51828544,45.13185861,71.23382236,38.89026736,5.0899,EM
Romania,2006,48.20693863,42.09937788,72.94810089,42.16975325,5.0878,EM
Romania,2007,49.21296366,39.80583923,76.08428129,42.89087803,5.2328,EM
Romania,2008,50.82277076,40.32503793,78.91084944,44.16133024,7.1847,EM
Romania,2009,52.13272377,42.14423957,80.02320078,45.34862459,6.8802,EM
Romania,2010,53.05993373,46.13600057,80.23077317,46.05475429,4.3605,EM
Romania,2011,52.90658317,41.57030277,80.43769474,46.2814216,5.4798,EM
Romania,2012,52.18195023,41.42707078,80.78962979,45.29271095,4.5906,EM
Romania,2013,55.20763193,47.68934021,81.3667322,48.32172911,2.2608,EM
Romania,2014,56.13951122,52.02014928,81.50913242,49.01503552,1.3998,EM
Romania,2015,57.24766448,51.02257264,81.94596588,50.40827388,1.4346,EM
Romania,2016,58.26028738,52.38958542,81.20059051,51.73284217,1.0287,EM
Romania,2017,57.4491704,49.91444206,82.30154843,50.68820203,1.9086,EM
Romania,2018,56.88813882,51.53985019,83.10999419,49.60865949,2.1268,EM
Romania,2019,59.0605475,52.22195175,83.47600927,52.19011554,2.4805,EM
Russian Federation,2004,32.55822337,37.13239482,80.93873798,20.91405209,5.2358,EM
Russian Federation,2005,33.72351957,36.542533,85.21491377,21.37413273,1.1609,EM
Russian Federation,2006,34.35439744,35.37869148,88.9164699,21.36274673,0.9538,EM
Russian Federation,2007,35.78841661,35.37117828,90.83798424,22.69270084,1.5098,EM
Russian Federation,2008,36.48717659,34.03003388,93.15665151,23.13231122,6.1407,EM
Russian Federation,2009,37.46035102,36.41886057,95.83864602,23.44155213,1.1652,EM
Russian Federation,2010,37.66777336,34.5157079,96.52867435,23.72728709,2.6235,EM
Russian Federation,2011,37.601464,33.72403559,93.98722882,24.36298542,4.1268,EM
Russian Federation,2012,38.30397142,33.45107387,94.76897037,25.08240043,0.9886,EM
Russian Federation,2013,39.49627592,35.20047519,95.8225352,26.14306788,1.6068,EM
Russian Federation,2014,40.16608544,34.84685155,96.30442255,26.90475079,2.9078,EM
Russian Federation,2015,38.42262241,34.42991664,92.7883083,25.62789166,9.0216,EM
Russian Federation,2016,40.68271986,35.235009,97.68802881,27.17002988,2.0157,EM
Russian Federation,2017,42.30641818,34.95403189,97.60618506,29.27041543,1.4646,EM
Russian Federation,2018,42.88905668,34.69653529,97.86475131,29.96807858,2.3628,EM
Russian Federation,2019,44.81804115,34.97298769,99.00236881,32.09047188,1.0675,EM
Slovenia,2004,78.02658421,52.41477452,88.45626941,74.87559164,0.669688889,AV
Slovenia,2005,77.52664247,49.89395538,88.0740106,74.60078961,0.6089,AV
Slovenia,2006,78.11256,50.31130701,88.52626891,75.18419906,0.1978,AV
Slovenia,2007,78.32739534,49.10387447,89.17793528,75.4169571,0.740466667,AV
Slovenia,2008,79.98951745,50.66905627,90.0511396,77.13532276,2.8252,AV
Slovenia,2009,80.51152085,54.53787992,90.18208885,77.3616002,1.0592,AV
Slovenia,2010,78.90994701,54.1785276,90.34149338,75.3359354,1.064,AV
Slovenia,2011,79.19762696,51.39331946,90.55414009,75.93403479,4.1368,AV
Slovenia,2012,78.83289671,53.94195993,91.17212398,75.05471149,4.0546,AV
Slovenia,2013,78.5856697,56.54088118,91.15975128,74.47673285,2.0288,AV
Slovenia,2014,79.7041663,61.60280609,91.58642233,75.25880524,0.0348,AV
Slovenia,2015,78.98853498,56.16085774,91.63770548,74.90497286,-0.5774,AV
Slovenia,2016,80.50658235,56.52720849,91.71802619,76.764278,-1.6113,AV
Slovenia,2017,79.71328296,54.84431324,92.15550939,75.82663689,-1.5614,AV
Slovenia,2018,80.61368478,57.4179205,92.32720243,76.65459802,-1.6952,AV
Slovenia,2019,81.91659853,57.87835516,92.52774926,78.20228918,-1.6505,AV
South Africa,2004,19.61040622,10.95085883,27.11130157,20.77208227,3.8938,EM
South Africa,2005,20.5233685,12.42010592,30.21206076,20.9953384,3.0789,EM
South Africa,2006,21.09526707,11.8811478,31.48090793,21.4551057,3.0298,EM
South Africa,2007,21.57840199,10.9208272,34.89632996,21.30784444,4.3778,EM
South Africa,2008,23.32282419,10.18286682,37.41374875,22.95591265,5.1017,EM
South Africa,2009,25.5018464,10.21019791,41.06955789,24.78815393,5.3292,EM
South Africa,2010,28.50932062,11.78763087,44.65206849,27.52480981,4.8625,EM
South Africa,2011,31.76801697,11.76533385,50.19474121,30.25250343,6.3278,EM
South Africa,2012,32.91753016,12.21722984,53.93649629,30.71896048,5.0316,EM
South Africa,2013,35.09724387,12.59102914,56.02230287,32.91009677,4.8778,EM
South Africa,2014,35.23104452,12.45278395,57.43983998,32.7377805,5.7978,EM
South Africa,2015,35.88101777,14.24341801,58.75343692,33.04396573,7.5256,EM
South Africa,2016,36.47871091,14.63518549,56.7896217,34.25100393,6.4797,EM
South Africa,2017,35.98247433,15.19678261,58.40421887,33.1611022,6.3156,EM
South Africa,2018,36.54245748,15.74952928,59.51467102,33.53263257,5.9788,EM
South Africa,2019,37.81430895,15.92879511,60.75679508,34.80887856,7.1115,EM
Spain,2004,78.62994619,34.05379336,82.51736838,79.02673801,-0.5082,AV
Spain,2005,79.66626814,31.79475316,84.17589204,80.15325351,-1.0791,AV
Spain,2006,75.879813,34.16759187,85.05137582,74.90575348,-0.6992,AV
Spain,2007,76.36542221,35.21500712,85.47580891,75.30427807,0.4068,AV
Spain,2008,76.81735295,37.13343038,85.49728962,75.67125751,1.5987,AV
Spain,2009,76.54044992,42.06337398,85.84974872,74.72315827,0.1412,AV
Spain,2010,77.65909769,47.13843446,86.13981983,75.53833109,2.1595,AV
Spain,2011,78.84333313,45.51544049,86.54239549,77.10094969,3.2118,AV
Spain,2012,78.07199163,45.44877056,86.19096144,76.22177606,3.5076,AV
Spain,2013,78.22342237,52.27472226,86.39688149,75.65532135,1.1228,AV
Spain,2014,77.47229027,52.46831945,86.60255506,74.63499251,-0.5602,AV
Spain,2015,77.16021054,48.81629937,86.54310835,74.63349319,-0.4984,AV
Spain,2016,78.79730832,51.33652579,86.70291174,76.40043249,-1.0603,AV
Spain,2017,77.50664528,47.07095693,86.98623897,75.14042052,-0.8384,AV
Spain,2018,78.20938343,50.80874053,87.23843719,75.57810982,-1.2682,AV
Spain,2019,78.94246561,50.69714891,87.47193063,76.45698668,-1.4495,AV
Sweden,2004,97.2352128,67.13726703,87.60708963,97.82696327,-0.2122,AV
Sweden,2005,95.15570492,71.43007743,88.51549318,94.5285445,-1.0961,AV
Sweden,2006,95.03026636,70.51606604,89.43816301,94.23318805,-0.9172,AV
Sweden,2007,96.92982406,72.1512652,89.94740354,96.33550705,0.3218,AV
Sweden,2008,96.75332327,73.95695132,89.72008481,95.98283096,0.2007,AV
Sweden,2009,97.71421624,77.12311202,90.07126152,96.78087614,-0.5448,AV
Sweden,2010,97.56825751,74.27579612,90.63909176,96.74859505,-0.0195,AV
Sweden,2011,99.09105822,75.42321956,90.85869659,98.49817009,-0.2542,AV
Sweden,2012,99.65261035,77.75897392,90.93892905,98.9456989,-0.2184,AV
Sweden,2013,98.44868255,70.26797974,89.28046195,98.6159956,-0.5242,AV
Sweden,2014,97.40251088,71.68770535,89.68037394,97.0474657,-1.2452,AV
Sweden,2015,97.74465118,76.12364952,90.10631773,96.91390405,-1.2654,AV
Sweden,2016,97.5319249,72.63458893,89.92677762,97.05116294,-1.8883,AV
Sweden,2017,97.15899783,73.22186178,89.78605787,96.55469816,-1.6284,AV
Sweden,2018,97.09513766,72.13232422,89.69090382,96.61061029,-2.2142,AV
Sweden,2019,97.61002004,73.57130336,89.98950749,97.03717184,-1.7595,AV
Switzerland,2004,94.18985771,57.53914139,79.64101212,96.97178797,-1.9042,AV
Switzerland,2005,92.71441763,58.61317774,80.82360321,94.70048648,-2.4201,AV
Switzerland,2006,93.40880735,56.44011008,81.94161166,95.5218329,-2.1812,AV
Switzerland,2007,94.49903695,58.7755917,83.06685897,96.37497074,-0.9752,AV
Switzerland,2008,94.34355075,59.10910855,83.93932643,95.92521591,-0.1173,AV
Switzerland,2009,94.17476359,59.44673025,84.3214126,95.58125662,-1.9358,AV
Switzerland,2010,94.32990083,59.80054087,84.52539036,95.68943237,-1.5775,AV
Switzerland,2011,94.54422435,59.34865497,85.01934262,95.88295716,-1.2132,AV
Switzerland,2012,96.2319152,62.38239726,85.35917949,97.61551639,-1.2314,AV
Switzerland,2013,95.85367814,62.25512061,85.90680436,97.01357419,-1.9552,AV
Switzerland,2014,98.24060921,62.532924,86.12170955,99.94570767,-1.8522,AV
Switzerland,2015,97.28204209,65.20665299,86.13007878,98.45633916,-2.3314,AV
Switzerland,2016,97.7487974,65.16705953,86.11717077,99.05320177,-2.6313,AV
Switzerland,2017,97.62412397,66.01386613,85.71386065,98.90931974,-2.5544,AV
Switzerland,2018,97.56446933,63.8604468,85.03206126,99.22775788,-2.9342,AV
Switzerland,2019,96.39759001,64.44972154,85.33107152,97.6179823,-2.3885,AV
Thailand,2004,47.55595204,36.61470923,69.22416202,42.84906119,0.5298,EM
Thailand,2005,48.35139208,36.43372234,71.55363373,43.28806782,1.0039,EM
Thailand,2006,46.50119282,37.34003311,81.711582,38.30917384,0.6958,EM
Thailand,2007,46.0837928,37.43855495,78.7957778,38.50326609,0.9318,EM
Thailand,2008,46.10816048,37.44209799,81.03608428,37.97166137,0.4467,EM
Thailand,2009,47.33801645,37.38219584,85.72604783,38.35466062,0.3472,EM
Thailand,2010,47.4181184,36.30224261,87.78226286,38.05170658,0.4325,EM
Thailand,2011,49.49833993,37.90789649,88.27581192,40.38920314,1.4108,EM
Thailand,2012,50.29439044,37.66445828,89.17703888,41.19373789,1.7526,EM
Thailand,2013,50.61442778,37.21410414,91.50686908,41.0600663,0.8688,EM
Thailand,2014,51.35929181,37.53643184,93.80875057,41.39005344,0.5578,EM
Thailand,2015,51.52720652,37.18840074,95.36609615,41.24745109,0.2306,EM
Thailand,2016,52.85382555,40.69463156,98.65950594,41.73414101,0.2037,EM
Thailand,2017,54.15782099,40.9973684,99.19897197,43.21448712,-0.0814,EM
Thailand,2018,54.26589116,42.24617783,99.69993759,43.09613505,-0.2012,EM
Thailand,2019,56.29431513,43.00582214,100,45.50425757,-0.4395,EM
United Kingdom,2004,83.06814844,11.535023,77.75845342,88.15548094,0.3188,AV
United Kingdom,2005,81.90419878,12.15930946,79.3274253,86.2271946,-0.2911,AV
United Kingdom,2006,84.72127028,12.57932909,80.33198353,89.48980398,0.0388,AV
United Kingdom,2007,84.33814295,13.23858755,81.07029229,88.75249201,0.4848,AV
United Kingdom,2008,83.67374353,14.22576854,81.23608553,87.76962801,0.8077,AV
United Kingdom,2009,81.62753374,16.43393499,81.49062427,84.8929283,0.1782,AV
United Kingdom,2010,83.48595776,16.19516032,81.51092284,87.2597917,0.1025,AV
United Kingdom,2011,83.19771157,19.10427859,81.51404848,86.59403035,0.1008,AV
United Kingdom,2012,83.85599227,19.81860472,81.53732352,87.34573592,0.0706,AV
United Kingdom,2013,84.70171441,22.30624757,81.57985193,88.14592949,-0.0062,AV
United Kingdom,2014,86.16987492,25.97547965,81.71118452,89.58778697,-0.4152,AV
United Kingdom,2015,87.31978786,29.70079087,81.6943186,90.65906337,-0.3094,AV
United Kingdom,2016,85.80056011,30.23836484,81.59170189,88.71036099,-1.2053,AV
United Kingdom,2017,85.07369766,33.40421279,81.40598056,87.51143102,-1.2154,AV
United Kingdom,2018,84.31158811,35.94665874,81.23981949,86.3275588,-1.4072,AV
United Kingdom,2019,85.26755513,38.51614929,81.84299405,87.11788282,-1.0955,AV
