"","Gp","Ep","Sp","ESGIp"
"Australia-2004",93.8742774005354,0,77.4183871053635,86.583749330549
"Australia-2005",91.6216699477398,0.753457154607992,78.3589383343126,85.048781838395
"Australia-2006",91.6015867154179,1.08580992751093,79.3731533300907,85.2615437028939
"Australia-2007",92.6471961910249,0.695289853672933,80.0727755892297,86.1963750732108
"Australia-2008",93.2710958711589,0.626584227870513,80.3570505292387,86.7411793710521
"Australia-2009",92.8480655761456,0.598876941978429,80.1715184614427,86.3671285366976
"Australia-2010",92.9737558893001,2.04921422874084,80.0403990591569,86.5593764852049
"Australia-2011",93.904641849731,3.82196048831643,80.4711984898223,87.5271450472402
"Australia-2012",93.6889531408121,4.26976898092133,80.4665237687347,87.3921202335695
"Australia-2013",93.202661189314,7.03635534928101,80.8712678871157,87.3140646927543
"Australia-2014",93.9963752535976,8.69624409740778,81.0625227939653,88.1164072855273
"Australia-2015",92.6147941021841,7.80969417751423,81.2952958610279,86.9961792449948
"Australia-2016",93.3697619746529,8.33353350753969,81.5502257008423,87.6874542590106
"Australia-2017",92.5596454808437,9.10792172094923,81.3557310078712,87.0708388576323
"Australia-2018",93.6422080906316,10.3007912424958,81.4916078789255,88.0526290226073
"Australia-2019",93.4962431022959,13.0590414498418,81.8743815883016,88.2389784122405
"Austria-2004",92.3414429059417,64.3766744351147,84.9910373569023,92.1464079885077
"Austria-2005",91.4189500157643,63.8036036585666,86.2554758190961,91.6202427168651
"Austria-2006",92.6524763632455,65.6789076408743,87.0961889829181,92.9174411056451
"Austria-2007",94.6287528209857,68.0554916566792,87.9759645894428,94.8515178920835
"Austria-2008",93.4592006442909,68.5102285823648,89.2142406845544,94.2087220125762
"Austria-2009",90.6745444039386,71.0801308235903,89.8987728617429,92.350417324305
"Austria-2010",91.2716482417609,67.3368651243333,90.806263913062,92.6968587311767
"Austria-2011",89.7498346229931,67.5384994413818,91.8895037804696,91.7236409139868
"Austria-2012",91.1091072548169,73.5078053376039,92.4083295857867,93.3917462278757
"Austria-2013",91.8168112879801,75.557252428932,91.9207830904959,94.0230700615087
"Austria-2014",91.4752804288918,78.3450860518541,91.6525689793666,93.9277045543682
"Austria-2015",89.710775269935,75.3420837685234,92.2604282641797,92.4054704985469
"Austria-2016",89.1434824566449,76.1004175315199,89.2675138967448,91.4239695351031
"Austria-2017",89.3987235184497,74.2254350089213,88.8610845944391,91.3917761499056
"Austria-2018",89.9527505456989,75.6585638977222,88.8115926546927,91.9379602162828
"Austria-2019",89.7594836139349,75.4292609842597,88.5893297497633,91.7220175040038
"Belgium-2004",85.2798978551483,10.7635650403638,79.209311870222,81.0164179587032
"Belgium-2005",84.3162856197492,11.853958707118,79.7886287765898,80.4578481142363
"Belgium-2006",84.5786390592024,12.9319070541423,80.291706520219,80.8537658083901
"Belgium-2007",84.867601239068,13.9480571567977,81.1252273389044,81.331322664425
"Belgium-2008",83.223952043265,14.9491520331485,81.8347271655901,80.252882327631
"Belgium-2009",85.1215157570666,17.5475444555489,82.1314612979328,82.0269998292622
"Belgium-2010",85.3984337001869,17.1577135386995,82.4251765749367,82.2726600670364
"Belgium-2011",86.5224025383041,20.213868527805,82.8394635195128,83.4951267263414
"Belgium-2012",86.2385401440331,22.7468948635526,82.5165953145092,83.4136967031763
"Belgium-2013",87.1403860072188,23.6545549664573,82.3871920435454,84.1763580405236
"Belgium-2014",84.9358277226958,26.4087728585344,82.7822860304779,82.7349479211608
"Belgium-2015",85.0678225714283,28.2227158214453,82.7288163549564,82.9773880960406
"Belgium-2016",84.4281141687478,26.0020352286163,82.5000402718412,82.2435993552581
"Belgium-2017",82.6839689937594,27.0864949329528,81.2622667556953,80.7056500854892
"Belgium-2018",82.981957363792,29.8077075201407,81.303317834104,81.1725898464282
"Belgium-2019",82.899013919706,28.4697691950995,81.4356702441793,81.0236363319905
"Brazil-2004",36.1454335206439,99.4170672222757,70.3227629544173,47.6098610745112
"Brazil-2005",36.0022794847715,99.8949507751999,72.1993906678249,47.9083940865201
"Brazil-2006",35.8485230972997,99.4480824385905,73.8449115465231,48.0768967698919
"Brazil-2007",37.0924409981331,100,75.9275621216234,49.5206174756498
"Brazil-2008",39.5431603407819,97.2494978042158,78.3226030870022,51.7114072731981
"Brazil-2009",42.522166328412,99.9351570562182,80.2070385769984,54.6642463475359
"Brazil-2010",44.4113488079205,96.8251940679464,82.3701824521348,56.3349454388421
"Brazil-2011",44.260500895086,97.9914885841224,84.9635671817198,56.8261278121754
"Brazil-2012",43.8586384867945,94.9892218961875,86.2806992781446,56.5236929456222
"Brazil-2013",42.7491365865048,91.3396053619055,88.0312939776639,55.6940691019069
"Brazil-2014",42.5218773750416,88.9864165360427,88.6263321584228,55.4396088870087
"Brazil-2015",40.5445245312854,89.7316150112182,87.6589639780811,53.7429431996076
"Brazil-2016",40.5020526439918,93.4281512112245,86.771882267041,53.835854395171
"Brazil-2017",39.9713413341536,92.5959771628278,86.1402446815082,53.2220595221351
"Brazil-2018",39.1776948510924,94.4167942729614,85.8022232930612,52.6756749157311
"Brazil-2019",41.1353751332642,94.4193169784052,85.9224430242041,54.2497388624949
"Bulgaria-2004",48.6738081194042,29.1202712954471,75.2931453344087,52.7593168733152
"Bulgaria-2005",49.5026670280499,30.2650036916633,77.7819434792583,54.0036361014726
"Bulgaria-2006",48.98065025066,29.7820012420853,81.1749247097553,54.2246942166947
"Bulgaria-2007",49.6222535690605,27.4555749557201,83.525609059975,55.0090494015805
"Bulgaria-2008",49.1859782866821,27.8331375038033,84.9928292203177,54.9859730133462
"Bulgaria-2009",50.6128241766641,31.0713318297435,85.3494806197516,56.4517010286627
"Bulgaria-2010",50.2849147606141,32.9549699969272,85.2929995111943,56.3351249448724
"Bulgaria-2011",49.4204053634661,28.9314484637708,86.2699989469986,55.5151986791976
"Bulgaria-2012",50.0717148041233,32.1772800856885,87.1833404276743,56.4780970765601
"Bulgaria-2013",49.2159946950052,36.2880985150282,87.2906501502114,56.1585598051424
"Bulgaria-2014",48.9457775691347,35.5658713752061,85.9527483552718,55.6197346731508
"Bulgaria-2015",49.4504557576756,36.188148375973,85.5401725578028,55.9883257014504
"Bulgaria-2016",51.1063296331303,35.5446430144678,85.5277301302578,57.2441801124166
"Bulgaria-2017",51.9202453710498,33.7308130618358,85.120769292173,57.6592159264942
"Bulgaria-2018",52.381174083539,38.4128670766305,85.3196746601623,58.4471004660647
"Bulgaria-2019",53.2277357195372,36.6389384810019,84.9143528984937,58.8915767441541
"Canada-2004",91.8650344663342,41.0447447009202,76.3095389330071,88.1340996795606
"Canada-2005",90.7662923983044,42.6072738417456,77.4969350555203,87.6279849518799
"Canada-2006",92.2352739256731,43.2384321675583,78.3577768915456,89.0137108820542
"Canada-2007",91.896955478435,42.6237815450119,78.921839994031,88.8075470899939
"Canada-2008",92.565233256963,44.73923479943,79.3805286859111,89.6010031962743
"Canada-2009",93.3008401105177,47.5536971743396,79.8943413667099,90.5159613346573
"Canada-2010",92.6759825380159,46.6841313982556,80.6470402354233,90.0995227776942
"Canada-2011",92.8348465790546,47.1163825071378,80.7688334687283,90.2848924880237
"Canada-2012",93.3273782319859,47.8768209748702,80.7686564850148,90.737092463157
"Canada-2013",93.303622800427,48.093630412139,80.8353832765523,90.7492934017304
"Canada-2014",94.3767957876405,48.1322911464613,81.006716868607,91.6361669352567
"Canada-2015",94.4286520906285,48.5085370997709,81.0412200989364,91.7148898337129
"Canada-2016",94.8135981582102,49.7627354936699,81.344986004381,92.182716003127
"Canada-2017",94.9750105659143,50.642173853404,81.4464409216844,92.4026865303674
"Canada-2018",92.8034297765176,50.0644102344501,81.6552645000757,90.6775134417849
"Canada-2019",92.6675989194967,50.5198016218758,82.1470787570395,90.7049496044096
"Chile-2004",78.3536870284331,52.5870594556526,71.8529852162607,77.4966910770958
"Chile-2005",79.7916433828278,56.631856007197,72.819976219396,79.1584993057964
"Chile-2006",77.8239113866149,57.2476170980765,76.365123347897,78.3551303646629
"Chile-2007",78.4256078221271,50.1303757854185,76.2644004436616,78.2286409475547
"Chile-2008",78.055817348961,51.2052002137798,77.3450234854684,78.2385200102474
"Chile-2009",79.0616774269616,53.7146333512635,79.6637368674015,79.7009595727485
"Chile-2010",80.497473344488,48.2526873193946,81.7164885579277,80.7981492837265
"Chile-2011",79.9926468681417,47.3664354415685,83.4231332629131,80.66485154554
"Chile-2012",80.5090027386063,45.448656511293,84.9044749189137,81.2108398567359
"Chile-2013",80.5379935994491,45.0957807100255,84.2713168859123,81.0791356722731
"Chile-2014",80.5753987615819,49.9840194059067,84.9037288993563,81.634687660262
"Chile-2015",78.4353915045941,50.0159128923688,84.5423226659757,79.8711815116472
"Chile-2016",76.9999761344134,49.7604702924718,84.8781024236016,78.7804749721894
"Chile-2017",75.5336927071975,50.3552195082935,84.3949182858119,77.5722927012572
"Chile-2018",77.361071349075,51.7649329375619,85.6743832446848,79.388684691899
"Chile-2019",75.8376787017783,51.517621652051,85.6417456114602,78.1558133036703
"China-2004",21.4108841885114,32.4449892733902,65.2705048811214,29.4556688067252
"China-2005",22.1163627421401,31.8055160961475,67.3178934865127,30.3685103321353
"China-2006",22.8687418939738,30.4420888562155,70.0936417000991,31.4038636798561
"China-2007",24.9887675980483,29.8270741480564,71.9546840843024,33.4016534655223
"China-2008",26.788799059893,30.7900089331133,73.8308404207199,35.2783195907003
"China-2009",27.4052025926408,30.097563786495,75.8232838049535,36.1053851586233
"China-2010",27.3395860757082,30.0323675791232,78.0016062158836,36.4807548356881
"China-2011",28.6732614869757,28.1585795080879,79.8236443770119,37.745122096822
"China-2012",29.3706404657604,30.2109979014123,81.6891733236983,38.835884465056
"China-2013",30.2503007689136,30.2464546025134,83.3386053347595,39.8628645867261
"China-2014",33.145652101523,32.1355527994275,84.4070275275529,42.5221583439348
"China-2015",34.2316558512007,33.1949597934406,85.2620318175897,43.638576721118
"China-2016",35.8836782004023,34.3844840464377,86.1086502967736,45.2121266944861
"China-2017",39.0090637190939,34.6406561113284,87.3171358450127,47.9476379880947
"China-2018",39.983420129797,34.8211369946699,89.0999779566927,49.0879679820545
"China-2019",39.6306742302015,35.3912311426614,90.9661156887688,49.2260262884208
"Colombia-2004",25.2115650428748,93.4939738152705,70.2877886300728,38.4610264250985
"Colombia-2005",27.1073390752873,92.3705239562402,74.9769714562932,40.8013556696048
"Colombia-2006",29.868500818246,92.4703603365699,75.9097556079128,43.1809321185192
"Colombia-2007",31.979432308893,93.0172084203167,77.4328870100769,45.1995571830791
"Colombia-2008",32.5595872745318,94.129228522164,80.2945591091143,46.3183484269665
"Colombia-2009",31.493826114829,87.4442024043184,79.9612368326282,44.8608590592682
"Colombia-2010",34.6684797375373,86.8444794398903,81.4439038417885,47.6197419362372
"Colombia-2011",37.9799556548929,93.3285052993889,81.7909612881196,50.8415267151899
"Colombia-2012",37.4070556905013,90.9208645848955,83.1066811952073,50.4520910117525
"Colombia-2013",38.231636437231,84.6740282747819,84.4303077287716,50.856256774939
"Colombia-2014",39.8796412528531,84.5768811082222,85.7619953877932,52.4175977248113
"Colombia-2015",41.1913237030366,81.4082173655008,86.6460246596774,53.3721990932476
"Colombia-2016",42.6693992136409,82.1704453726098,86.9130179205944,54.6579084379576
"Colombia-2017",42.35426901145,90.1815681628029,87.9514558747104,55.2707395975123
"Colombia-2018",42.9919227855378,88.7122838745936,88.3144151413027,55.7273603694955
"Colombia-2019",44.3493363743151,86.0735078293059,89.9119189518066,56.9032756020975
"Czech Republic-2004",70.058006916179,17.0162549365764,85.2288664229633,70.6722747371085
"Czech Republic-2005",72.1893462150244,17.8026998554503,86.5505944514787,72.6866766017927
"Czech Republic-2006",73.6173589273101,17.995401109876,87.0479842197007,73.9318687734789
"Czech Republic-2007",72.3998130635298,17.6394531272799,87.8052095052506,73.0891357590695
"Czech Republic-2008",74.2734128301013,19.0140404322361,88.2344983808543,74.7703835599209
"Czech Republic-2009",74.2676406890281,21.1383292665535,87.4424898768903,74.7824745033951
"Czech Republic-2010",74.5726667326298,21.5864240474553,87.3395667067,75.0402310760311
"Czech Republic-2011",75.4003483475623,22.8971364856239,87.5541403033896,75.8455027192169
"Czech Republic-2012",74.1998088319046,24.1649416466631,88.1255797161915,75.1123120458171
"Czech Republic-2013",74.272475873369,25.8211519890051,88.3112130361456,75.3423530657465
"Czech Republic-2014",75.5266671230022,26.2012989969735,88.3673375912424,76.3776298840724
"Czech Republic-2015",76.1613297219146,26.4767429304401,86.7363339114281,76.5787256849146
"Czech Republic-2016",75.6687153326902,26.2385678693465,86.8111418397424,76.1840546766163
"Czech Republic-2017",77.0172833167688,26.3113690404942,87.1326850638786,77.3216009397215
"Czech Republic-2018",76.409719031573,26.3451324626822,87.3207445439881,76.8806839431728
"Czech Republic-2019",75.824255779325,26.9584620095701,87.6918767488722,76.5410914121238
"Denmark-2004",97.2935392030724,22.846157230851,77.1918946976902,91.1169444979774
"Denmark-2005",95.4055802809474,26.1345755590184,78.0149919617571,90.0549588324721
"Denmark-2006",96.8694239373043,19.6454835929632,79.3977568376097,90.9571627559012
"Denmark-2007",98.0572558820282,24.8176800603213,80.7429648761807,92.5883879815423
"Denmark-2008",97.1841513122279,26.7939328551779,81.0071182203892,92.1114270409008
"Denmark-2009",97.0322562853578,27.6885283510834,81.5614729511049,92.1745353537058
"Denmark-2010",96.5105707308012,30.2389675279582,80.682549085979,91.7957923230752
"Denmark-2011",97.6281673254142,36.8155646535446,82.1240483612461,93.5055492598974
"Denmark-2012",96.235747184651,43.0828234352311,81.8972791954923,92.8713320897211
"Denmark-2013",96.7731022338473,41.2514136386508,81.3709736441896,93.042258908245
"Denmark-2014",95.3074313825633,48.5347450443368,82.0921821285821,92.6215463343231
"Denmark-2015",95.2207275574649,55.0302482804194,81.8083092706377,93.0284708941203
"Denmark-2016",94.0483061932192,51.4456330700497,81.6086467968997,91.766992505492
"Denmark-2017",93.6803994520336,58.1166489686014,81.9859423948646,92.0969723306428
"Denmark-2018",94.4607855960453,57.0566152500849,81.7800969213883,92.5871398327871
"Denmark-2019",94.7953951282966,62.3565263785538,81.933484772931,93.3165712797633
"Egypt, Arab Rep.-2004",24.0689675422886,24.4032285901091,61.7298899735133,30.1983600700026
"Egypt, Arab Rep.-2005",25.0093973699807,23.5682413372121,64.6047319399337,31.4455603136062
"Egypt, Arab Rep.-2006",21.9780257155474,23.1335626431364,66.1769317216477,29.3221671133883
"Egypt, Arab Rep.-2007",25.0975884078325,23.789147754104,67.7307358105361,32.1543659806055
"Egypt, Arab Rep.-2008",26.5617684169421,22.9461384401146,71.1111749887036,33.9160068443724
"Egypt, Arab Rep.-2009",28.1973470859769,21.7206494432113,72.3181566371759,35.3503337459485
"Egypt, Arab Rep.-2010",26.3813317415613,21.8708492024025,75.3180568961265,34.5206603948788
"Egypt, Arab Rep.-2011",21.8774976135685,21.796403225504,77.1207391721165,31.3067358955937
"Egypt, Arab Rep.-2012",22.3391333922239,21.5665513465864,77.889286586778,31.8060583534477
"Egypt, Arab Rep.-2013",18.9918834550147,21.7477259471396,79.4825006597276,29.4871805167593
"Egypt, Arab Rep.-2014",18.4939854257194,21.5286496624794,79.4472002787739,29.0680205227111
"Egypt, Arab Rep.-2015",19.4747917123167,21.3292770391169,78.9106304560858,29.7216650248269
"Egypt, Arab Rep.-2016",20.3960049540198,20.9636519443196,80.1467475288956,30.6666044605709
"Egypt, Arab Rep.-2017",21.4036027467824,20.5301308685018,80.9981163418346,31.5979587909305
"Egypt, Arab Rep.-2018",23.1059576175362,20.6780601923027,80.2033485036471,32.8000432267358
"Egypt, Arab Rep.-2019",23.9058792499673,21.320978741344,80.8522707437868,33.614917277831
"Finland-2004",100,48.1326371920432,87.8555215523619,97.4486423290927
"Finland-2005",98.4404790259112,54.0817195251242,88.7752349165082,96.8837823549544
"Finland-2006",97.994503577163,46.862325677345,90.2923175868809,96.2407704513897
"Finland-2007",96.2868282296326,49.0301409587367,91.2471104874314,95.2559077672581
"Finland-2008",96.8141825310664,55.2736139237667,92.8054590811413,96.4942718711324
"Finland-2009",98.6570246400249,52.7307720913538,94.5729424701036,98.0961397340089
"Finland-2010",98.7224786059486,50.092698220819,95.9094326166759,98.1973700192491
"Finland-2011",98.9035272343084,54.3252253942033,96.9459203919502,98.8932085236278
"Finland-2012",99.5245397503151,60.7447721033376,97.3958985179684,100
"Finland-2013",99.3246259719904,57.9606590361237,93.5312126251833,98.8461049744945
"Finland-2014",98.8110092986172,60.9213316270131,93.9908435252494,98.7732118019223
"Finland-2015",97.2169056601775,65.6249712807338,93.555176761074,97.809767830559
"Finland-2016",96.6606849286826,64.54238116001,93.2214035870594,97.2144301202887
"Finland-2017",97.6523419971424,66.8443039409613,92.9887350480156,98.1418725177606
"Finland-2018",97.3779205682424,65.9375422073035,92.7312636719741,97.7992021139421
"Finland-2019",97.0707787368562,67.3865188645573,92.7879860285072,97.6859562155589
"France-2004",83.7392420946075,28.7543055347403,78.8054417521635,81.1897648792758
"France-2005",83.7304885938424,28.0353442109647,79.3943378958304,81.240921495948
"France-2006",84.6021702186522,29.1579701774059,80.6797234587541,82.2783119733056
"France-2007",84.0304213848879,30.0676668240201,81.4976107288685,82.0625838673181
"France-2008",84.6376950544021,31.2003447636007,81.8236261505097,82.7009035045489
"France-2009",83.4999784361696,31.8920127931953,82.0095380906192,81.893695347075
"France-2010",84.7813411528579,32.2716973830345,82.1164233544654,82.9605292458081
"France-2011",83.5228311845186,31.8178199059252,82.5904521443726,82.0210944331718
"France-2012",83.0334636867481,33.9221830198716,82.7568002347726,81.8390200773891
"France-2013",82.9181294066056,35.2969307483599,83.0105571833299,81.9106925680671
"France-2014",82.0232422774962,35.8993758209621,83.3578781071577,81.3204951102775
"France-2015",81.0708760475818,35.5363475612275,83.59961680446,80.5847498915141
"France-2016",79.9966457594479,36.5912424317491,83.9616255131482,79.8925298483372
"France-2017",81.3588581264832,35.9336712171373,84.1350045017062,80.9516359689403
"France-2018",81.3275005939164,38.1984218108475,84.2413389159827,81.1334027867612
"France-2019",82.9868445073709,38.6257477395135,84.6304404418165,82.5594562411704
"Germany-2004",86.8346655745506,22.6155889814756,80.9335503128137,83.5604954534533
"Germany-2005",88.4464119704416,23.577961129998,82.1224635526645,85.1515413138407
"Germany-2006",89.7645753588743,23.9870721836038,83.4685014334498,86.4960434031801
"Germany-2007",89.6957303893893,26.0770721397364,85.0835166107837,86.9334740070709
"Germany-2008",88.4899368207346,26.4005333868171,86.4291015738432,86.2725471191792
"Germany-2009",88.2448248474339,28.572574572435,86.4245386500495,86.2554563594274
"Germany-2010",88.1586363861886,27.9882126328642,84.304423422082,85.718261235346
"Germany-2011",88.5066917487995,30.6440819692845,84.4952291102753,86.2492342309221
"Germany-2012",89.0583594381197,32.0760004665899,84.5573797334033,86.8156257299017
"Germany-2013",89.4417541069981,32.3949016476178,85.5310908696726,87.3386917596424
"Germany-2014",92.3994714896203,34.4967941972395,85.338743212205,89.8143751060787
"Germany-2015",91.029457854142,36.4215776530673,84.900127288508,88.8001902123935
"Germany-2016",90.7261409928569,36.4164525690855,86.0002593495187,88.7781307900243
"Germany-2017",90.1501407506102,39.1595926989423,86.6743331355567,88.6806237131097
"Germany-2018",90.1763006802929,41.0009416956138,86.1777748190657,88.7535076284089
"Germany-2019",89.2565576479796,45.0407193116638,86.4053212260089,88.4013442425832
"Greece-2004",71.2142115486398,23.0679149878539,80.484077857418,71.1408830223088
"Greece-2005",70.4724577062049,22.9232772766959,81.9090515352869,70.8247891250892
"Greece-2006",70.1739322126783,24.3710029099767,83.2820409163066,70.9797008497031
"Greece-2007",69.3727153209279,20.8462242029308,84.7301679173008,70.3443067212232
"Greece-2008",68.0298822921992,22.4443644264724,86.6353157101132,69.7904116314362
"Greece-2009",65.0229006398444,26.0075136348152,86.4509637989097,67.6648466658697
"Greece-2010",63.7908713311118,30.040014944822,85.5584373879716,66.8423670997034
"Greece-2011",62.5568093438645,27.6950388048728,85.7508534577065,65.7114814885352
"Greece-2012",59.966179128553,29.8632658472005,87.4973405620235,64.1848264222448
"Greece-2013",62.2480644611252,36.3342761478325,86.6876375247762,66.3606175674469
"Greece-2014",59.7521616272737,36.2242511635641,86.5784888622934,64.3538147656276
"Greece-2015",58.828953088979,39.4131829806278,86.9338629514665,63.9546160994785
"Greece-2016",57.4651314782102,39.1806723071188,86.9013404831555,62.849318907464
"Greece-2017",58.3495803440543,37.1691095751108,87.2684498266271,63.4577518441648
"Greece-2018",61.7952732879274,40.7580262850957,86.0818534641913,66.2440888380283
"Greece-2019",63.9430383005183,42.2160005978352,85.618153527344,67.9718677881819
"Hungary-2004",70.4704342254606,21.6874138676697,78.7896741662433,70.1024013920709
"Hungary-2005",70.1783535131479,23.1572631366343,79.5230897185097,70.1371948240104
"Hungary-2006",71.5152320621873,22.6835315694255,80.9429768602602,71.438881365166
"Hungary-2007",69.6601773309368,23.2509654489082,82.1839281328635,70.2631045584226
"Hungary-2008",69.1580268253397,24.1817653321083,83.9622446186321,70.2949700169129
"Hungary-2009",66.9115384116898,26.4924583340537,83.8294074970327,68.679181015631
"Hungary-2010",67.0485600875405,26.4823636749144,84.2557458606465,68.871519938654
"Hungary-2011",67.6465512122438,26.4502018710607,84.1695556233916,69.3252219822277
"Hungary-2012",66.0438323830517,27.124862523016,84.4553283145154,68.1682932890416
"Hungary-2013",66.2854906185496,28.5806535877227,84.5849719214948,68.504597628634
"Hungary-2014",63.0793052084971,29.4488403625698,85.4851656227661,66.2160217211781
"Hungary-2015",62.820768669506,28.9114102654602,83.5032741980258,65.5736689145855
"Hungary-2016",61.2035933144858,28.4956367630705,84.2529225295497,64.4081277392708
"Hungary-2017",62.4788561012764,28.2873697799296,84.4772117618006,65.4453001506893
"Hungary-2018",61.786469526744,28.9576130323734,84.8910271198175,65.0341906161418
"Hungary-2019",61.0978314110542,30.3213454904406,85.6146920018464,64.7443853802966
"India-2004",0,38.0659191049305,0,0
"India-2005",4.26424866919759,38.5403293660185,4.55465838107614,4.3196906452057
"India-2006",6.41476335751488,39.3230384812097,7.59757758577867,6.69083309571538
"India-2007",7.94677768815169,39.8300647411527,11.951960456331,8.81018918801573
"India-2008",9.01205154256788,39.400991217299,16.0283180452243,10.4281225625936
"India-2009",9.40168233954729,38.2739294428685,22.5158842520556,11.9328745424545
"India-2010",11.0212280918764,38.4059776789417,27.4434417394984,14.2046683233899
"India-2011",12.1207209441537,39.3163924210703,21.7823599392403,14.0253338070006
"India-2012",12.5627471031733,38.1623973245126,35.1056208939794,16.9270756159939
"India-2013",14.6104636225349,38.9887153176031,37.4431781316623,19.0803001110028
"India-2014",17.3261567900627,38.217736304812,42.2329222041121,22.1186338632383
"India-2015",21.0263890343277,37.3148559942249,48.3598929310161,26.1912683093342
"India-2016",23.2171739160637,37.0581837028556,52.2475041223717,28.6769468589229
"India-2017",25.8205248930879,37.7082714096081,56.9314460420258,31.7216994446611
"India-2018",27.5796542947634,38.3193057919792,60.9279174208283,33.9583013785669
"India-2019",29.1448029938913,39.6453804369624,64.7802486447273,36.0712500778955
"Indonesia-2004",1.04064271943075,52.0137038376529,46.6972773709333,11.2412427565091
"Indonesia-2005",5.85139101156449,51.9632404987407,46.3414566842028,14.9753117339873
"Indonesia-2006",10.0036990942528,51.0747153835181,53.0954268344855,19.53158478007
"Indonesia-2007",13.7028380341793,51.2071294567308,55.7641616122572,23.0012619564681
"Indonesia-2008",15.829529192557,51.1745528731076,60.4942728207259,25.6218853929796
"Indonesia-2009",17.3281691906735,50.9678902367817,63.2500903894813,27.3388609447762
"Indonesia-2010",18.1697386301896,52.7080651149774,67.0366930652134,28.8997790293399
"Indonesia-2011",20.2055044662231,49.5813550440488,70.0897214717782,30.8619125906918
"Indonesia-2012",22.9108503337688,48.7916428751503,73.1290419704962,33.5428490530749
"Indonesia-2013",25.1757628997024,50.0121378824044,75.7608766095422,35.9587680535437
"Indonesia-2014",29.1977793272913,49.2801679570654,77.0966955427447,39.348546722827
"Indonesia-2015",28.1748133849239,47.9283681427918,78.7196846420628,38.7502736149521
"Indonesia-2016",32.2109546909155,48.8088383652724,81.6317377631591,42.5963607819939
"Indonesia-2017",33.2974196551587,48.7594182447475,84.926065682277,44.1068366590512
"Indonesia-2018",34.8932717452563,51.2711516725431,80.8949857351508,44.7753847854229
"Indonesia-2019",35.5721047315512,50.1333940608259,82.8955715052671,45.6170264257759
"Ireland-2004",84.6827473200293,8.15452388368314,75.0137290800898,79.4966282264422
"Ireland-2005",87.8663819737226,8.84023608356463,75.5587421607888,82.1816559014885
"Ireland-2006",88.5341807104239,10.6260635767139,77.3557319161593,83.213552321737
"Ireland-2007",89.3570241925888,11.6235499928532,77.9452145325011,84.063806266864
"Ireland-2008",89.6243828932131,13.3510073457697,77.8940449880461,84.4067938332425
"Ireland-2009",87.3320013289929,17.3147159259707,77.13631062346,82.7659267223853
"Ireland-2010",86.9605955732599,16.8854411556476,77.156102490738,82.4406441588796
"Ireland-2011",86.5425109816159,22.4213150046824,77.7016556702804,82.6713520827822
"Ireland-2012",86.5186948977155,22.1090559151497,77.9300933176886,82.6722956398531
"Ireland-2013",86.455562045867,24.1017061877822,77.6995797568035,82.7397156398142
"Ireland-2014",89.1805455945084,25.987718333215,77.7995026557415,85.0715049916531
"Ireland-2015",88.7709287310817,27.3568741539859,77.7210397042831,84.8437376040571
"Ireland-2016",86.131217087285,25.1631259091982,77.7755805610713,82.5849390873775
"Ireland-2017",85.7124075837458,28.2152468198655,77.7573753162884,82.4996897937627
"Ireland-2018",86.9427451047282,30.8649506258511,77.7440565539487,83.6881549876096
"Ireland-2019",85.5120566927421,33.6985501212521,78.0056002337559,82.8394258797547
"Italy-2004",70.8587501413717,30.0490880609554,83.9930565970049,72.128134690361
"Italy-2005",70.2579386341064,29.113701003824,86.0931466137597,71.9929639968947
"Italy-2006",69.5713360222347,29.5101565240062,87.8076305664853,71.82235177257
"Italy-2007",68.4701034880394,29.3088486146702,89.4440941495904,71.2590084859307
"Italy-2008",68.8349830950167,31.6151525061523,89.8467608074938,71.8167540138033
"Italy-2009",68.2699332533124,36.5570466773973,89.7705039489494,71.7589543175688
"Italy-2010",68.3630553438783,37.4290817204511,90.7128289855151,72.091264567365
"Italy-2011",67.566866915995,38.9984012430876,91.3218122483814,71.7103657104958
"Italy-2012",67.3725882678308,41.7599682000244,91.4946222466822,71.8170315543953
"Italy-2013",68.0475372516385,47.5486718834636,91.2800836713227,72.7828765001994
"Italy-2014",66.8907616753991,50.8892616298116,89.8283643089099,71.8522464325632
"Italy-2015",66.8870575597467,47.8602102493435,89.3110770644349,71.4985029195822
"Italy-2016",68.0482406308455,47.3844201802036,89.0316029288787,72.3233865724072
"Italy-2017",67.8734000536447,46.3236061443497,88.6397049733848,72.0202424132409
"Italy-2018",67.8583833869869,49.0984839773253,88.6448182217282,72.2366196581845
"Italy-2019",69.4335597924648,49.8075973177474,88.2759456541888,73.4685618136381
"Japan-2004",83.2667590707497,43.5871008840604,87.8754667395713,83.8319208878539
"Japan-2005",83.2575849460085,42.7247597713647,88.4950555931234,83.8770984825301
"Japan-2006",85.9363469749495,43.6251775030154,88.9938277755374,86.170795993945
"Japan-2007",83.9210712542556,42.2410686439539,89.6187907679262,84.5859939708144
"Japan-2008",83.7768108175272,43.4764449206322,89.9868183722817,84.6460469841649
"Japan-2009",84.472242776165,44.6639711932442,90.2777766523694,85.3516940784111
"Japan-2010",84.8113127695513,44.3339965498643,90.849872997336,85.706757033587
"Japan-2011",85.2472245817649,43.8771425588136,91.5673155133013,86.1569716943651
"Japan-2012",85.9939096811769,43.5212148408795,92.2502237681102,86.8546450729155
"Japan-2013",87.671782921057,43.9503255042593,92.8451394041153,88.336394135539
"Japan-2014",89.0997278137276,45.697330562227,94.011460669135,89.8416874279184
"Japan-2015",88.9181315889039,47.4043585016833,94.4316433966677,89.9211655139743
"Japan-2016",89.3586811009063,47.9283325698008,95.0473052644756,90.435162024566
"Japan-2017",89.447478881878,49.3375155376904,95.5556926082949,90.7218496212454
"Japan-2018",89.0129112450393,50.5376261542584,96.1911766812385,90.6022883456765
"Japan-2019",88.5337545967586,51.9427910082562,97.0185719642864,90.5023347135491
"Korea, Rep.-2004",68.5528593748588,36.1170538914134,88.5895605503639,71.712365390798
"Korea, Rep.-2005",70.8282971234083,36.6689086498787,88.9896780368349,73.638593075082
"Korea, Rep.-2006",69.2362984157513,36.424319899836,89.6668049324641,72.4926003756805
"Korea, Rep.-2007",73.3114663637728,35.4942938962587,90.6478878143222,75.8377834082021
"Korea, Rep.-2008",70.1744557978967,34.9680210571163,91.1008828857847,73.4009527263882
"Korea, Rep.-2009",72.0278694862101,34.9681244627892,91.4483038430384,74.9373931356116
"Korea, Rep.-2010",72.7134299736322,33.0677135275413,91.9467691517528,75.4235505504577
"Korea, Rep.-2011",74.068372725232,32.5095994689789,92.3392231934738,76.5285590204785
"Korea, Rep.-2012",72.8313881534676,32.6376715536558,92.5500696580889,75.6015525271136
"Korea, Rep.-2013",73.3958858537756,32.599033041177,92.7793383043068,76.0908627090906
"Korea, Rep.-2014",73.5830067737638,32.8241752244494,93.3882925190704,76.3784035941318
"Korea, Rep.-2015",72.3190684416303,32.7840836449266,93.8745053393277,75.4709782655247
"Korea, Rep.-2016",73.9619039727738,32.5995693906158,94.3125888045433,76.8435829920491
"Korea, Rep.-2017",75.3101723086472,32.8720741996666,94.4617785834295,77.963013912362
"Korea, Rep.-2018",77.8472288438171,32.7856864483993,94.8109216389481,80.0339823756781
"Korea, Rep.-2019",78.6820445150923,34.1766231601792,95.440954880404,80.9339913640712
"Mexico-2004",41.1723254399309,38.9597493216571,68.6095439883337,46.2983817086949
"Mexico-2005",39.0382552084977,39.1394931225592,70.6595453206836,45.0306404483953
"Mexico-2006",39.1619827074379,39.1373125965445,72.1998342165276,45.4343558055692
"Mexico-2007",39.1440701926402,38.3580731224627,72.7901024476889,45.4735968339622
"Mexico-2008",38.4590321187545,40.4558296298698,74.6832781905638,45.4790447408325
"Mexico-2009",39.1382950618044,37.878412146814,75.0127320237587,45.8712028795414
"Mexico-2010",39.1126962760472,40.0513343983566,76.9487252792138,46.4134172862435
"Mexico-2011",40.0686120622801,38.7870127782293,77.5091153850418,47.1780191881814
"Mexico-2012",41.496230816596,38.0226566541084,78.391265630356,48.4209418930552
"Mexico-2013",41.1612974679845,37.8445677840723,79.3044138077346,48.3225464200265
"Mexico-2014",39.2444613013715,40.6230371641059,79.6689562726485,47.1048561303974
"Mexico-2015",39.0864244180679,39.2383731646828,80.2044303593261,46.972689684055
"Mexico-2016",39.152583281571,39.1483267560917,81.2164928875265,47.2187128378943
"Mexico-2017",37.1712539396295,40.0377261131952,82.1526753061883,45.9087931921292
"Mexico-2018",37.6340638165829,40.4628974474777,82.0790622217624,46.2954182336128
"Mexico-2019",37.1816705168359,41.057567227089,82.8730319698144,46.1436390942556
"Netherlands-2004",93.9838824690597,8.05533592318623,75.6208314069397,86.9731948004348
"Netherlands-2005",92.6242340373682,9.88704907870082,76.4408396321947,86.2095834834668
"Netherlands-2006",91.8395648795453,10.8891816801609,77.8858718047863,85.9574114640273
"Netherlands-2007",92.2783558193673,10.4369667200881,79.3005660650477,86.5487743462386
"Netherlands-2008",92.0708272431768,11.196631027555,80.3569745257678,86.6565032628379
"Netherlands-2009",92.6121572134173,12.2195268411674,80.0823341879589,87.1143189594563
"Netherlands-2010",92.835726674902,10.9847422139288,79.4938190360612,87.0733133088945
"Netherlands-2011",94.7820727002717,13.2046130112512,79.5989264277843,88.8169934242106
"Netherlands-2012",95.2757641569462,14.327799193005,79.2583051912564,89.2321998515061
"Netherlands-2013",94.6969985842521,14.2632758920415,79.2041818679238,88.7579321835546
"Netherlands-2014",94.9838313830468,14.6175754731461,79.2873356241127,89.0305617168426
"Netherlands-2015",94.1615298194654,14.5381571556754,80.0438827496708,88.5232724524066
"Netherlands-2016",94.8225361984085,14.852614499544,80.1370149926886,89.0908702319826
"Netherlands-2017",95.1068460537059,16.297071427757,79.7699303629955,89.3613548499752
"Netherlands-2018",95.2872317585704,17.7374992222673,80.023999876896,89.6726025055748
"Netherlands-2019",94.1983295118551,19.6040709832869,80.5340508750949,89.064643309976
"Philippines-2004",16.0624183985695,50.8183701183976,49.5304614595293,23.5994616622638
"Philippines-2005",20.8031927938804,49.9335473489292,42.672658543656,25.9183691131803
"Philippines-2006",17.6115006930386,52.212029463912,44.3410554960025,23.9093467451128
"Philippines-2007",19.5258423250106,49.4133158280181,48.3672521874578,25.9954966889636
"Philippines-2008",18.7046014375244,50.6253207466197,51.2949865812368,26.0260526031102
"Philippines-2009",19.4050236890369,49.7831140171092,53.0665850895144,26.8635101210254
"Philippines-2010",19.784008704218,45.8195144551703,55.3179095923996,27.2861265215967
"Philippines-2011",22.3363455692721,47.3265204390773,58.5908632298074,30.0804153298064
"Philippines-2012",24.8317481942599,47.193903768497,59.6528966384195,32.2562135847579
"Philippines-2013",27.0109562735782,45.9221890850589,60.3001976836911,34.0060051751717
"Philippines-2014",30.2954824739108,45.4332751684985,63.1200620874349,37.1265490343534
"Philippines-2015",29.6606600391029,45.2153624787123,63.5573345127929,36.6929382673689
"Philippines-2016",27.6296944251594,44.3936533853792,66.9360612694409,35.6887271560967
"Philippines-2017",28.438062309806,44.4980701732851,68.4755157917392,36.6430657375857
"Philippines-2018",28.8653746178191,43.522139833354,71.9430661515273,37.5901905244779
"Philippines-2019",30.4705615695848,41.9706081410383,76.8940864582513,39.7173978230089
"Poland-2004",59.6221038209155,21.1744318083633,76.2925092691914,60.9753140399054
"Poland-2005",61.2344549079511,21.472273991088,78.5559676572033,62.7258435470774
"Poland-2006",59.7564465943907,21.0044783424116,81.5267922609106,62.1073985229808
"Poland-2007",62.1484608252216,21.5214169601774,82.8812524194027,64.3126177158149
"Poland-2008",65.4738130409854,22.3456381545071,83.6283130954023,67.1613234342287
"Poland-2009",67.3353342647564,23.8624403605922,83.9265025153205,68.8186158535923
"Poland-2010",69.2905436163973,23.7968286944169,84.7909510076176,70.5329629299887
"Poland-2011",70.1720429603431,24.5029664244956,86.0415260443379,71.5371037581213
"Poland-2012",71.311768092592,26.2591693518437,87.3482485751497,72.8428410355397
"Poland-2013",71.6677181982745,26.4290573694425,88.6901660467893,73.4051079482372
"Poland-2014",72.8562301244013,28.2383341162698,88.5626840311868,74.4689553308927
"Poland-2015",72.4325306684555,28.8623095945181,88.3587316852109,74.1440861559467
"Poland-2016",69.5568618772776,28.3297093323282,88.8183656600262,71.9149713681924
"Poland-2017",68.1120831221747,28.0068991612056,88.439890928713,70.6694684356539
"Poland-2018",67.4267213489034,27.1445704444932,88.0866434273318,69.9860547268842
"Poland-2019",67.9149909257505,29.2006701393653,88.2610573399719,70.5756669167176
"Portugal-2004",79.8741251010903,42.7449816961761,82.9301635151944,80.0946208030965
"Portugal-2005",80.3697393773071,36.7410102294759,84.0890113258284,80.2254908674819
"Portugal-2006",76.6179893600812,46.0930112406187,85.6532288659737,78.3316463437042
"Portugal-2007",76.4831572796318,47.8201854486657,87.0284629688426,78.6394926712308
"Portugal-2008",78.2873597906242,46.7882508578563,87.7905438847519,80.134810994159
"Portugal-2009",77.3973839583605,50.0243134409176,85.7081352258558,79.2815892701822
"Portugal-2010",75.2613606960807,60.0490976314783,86.2849616034969,78.5259663322286
"Portugal-2011",75.5072323779206,56.5448127766642,86.5333307231218,78.4829783638425
"Portugal-2012",76.3199240774662,54.5267698274797,86.479743062126,78.9505081588952
"Portugal-2013",77.3194406037943,64.1934121761145,86.5728975519449,80.5520284745917
"Portugal-2014",76.9564837214607,65.6849792917875,86.4530711884971,80.3630131281088
"Portugal-2015",79.6498281722881,57.1823455252978,86.3015895898819,81.7690312562152
"Portugal-2016",79.0995911418586,61.6479700102673,86.1286186715492,81.6647455498966
"Portugal-2017",80.8909542787641,51.7401228236769,86.2149879622397,82.2887875103239
"Portugal-2018",80.1625498937196,58.8853435850477,86.33946977297,82.3219672418033
"Portugal-2019",79.7283965756117,61.2808622410479,86.3160752402935,82.1697658919622
"Romania-2004",37.9216036445647,42.2066720537944,69.3623103643196,44.1400708987257
"Romania-2005",38.890267357398,45.1318586081881,71.2338223580488,45.5182854421134
"Romania-2006",42.1697532514603,42.099377884497,72.9481008885425,48.206938633085
"Romania-2007",42.8908780349423,39.8058392264672,76.0842812859677,49.21296366207
"Romania-2008",44.1613302378647,40.3250379324275,78.9108494404303,50.8227707571279
"Romania-2009",45.3486245884011,42.1442395731357,80.0232007847587,52.1327237703205
"Romania-2010",46.0547542867818,46.1360005673156,80.2307731697823,53.0599337317263
"Romania-2011",46.2814215963504,41.5703027697088,80.4376947386338,52.9065831731798
"Romania-2012",45.2927109472416,41.4270707774784,80.7896297949045,52.181950227163
"Romania-2013",48.3217291088371,47.689340206626,81.3667322022216,55.207631929787
"Romania-2014",49.0150355209002,52.0201492795138,81.5091324247665,56.1395112241122
"Romania-2015",50.4082738799497,51.0225726431675,81.9459658798018,57.2476644814272
"Romania-2016",51.7328421733589,52.3895854179789,81.2005905051237,58.2602873825154
"Romania-2017",50.6882020265944,49.9144420622505,82.3015484331434,57.4491703978403
"Romania-2018",49.6086594918704,51.5398501864062,83.1099941910908,56.8881388235508
"Romania-2019",52.19011553724,52.2219517520614,83.4760092716693,59.0605475019892
"Russian Federation-2004",20.914052090603,37.1323948194961,80.9387379756532,32.5582233665408
"Russian Federation-2005",21.3741327343878,36.54253299664,85.2149137654751,33.7235195745741
"Russian Federation-2006",21.3627467295245,35.3786914820677,88.9164698989863,34.3543974410598
"Russian Federation-2007",22.6927008423106,35.3711782849057,90.8379842374848,35.7884166105531
"Russian Federation-2008",23.1323112242205,34.030033875572,93.1566515064443,36.4871765867168
"Russian Federation-2009",23.4415521286206,36.41886056942,95.8386460184982,37.4603510210987
"Russian Federation-2010",23.7272870939263,34.5157078991869,96.5286743467021,37.6677733568528
"Russian Federation-2011",24.3629854184114,33.7240355907307,93.9872288161035,37.6014640037749
"Russian Federation-2012",25.0824004273382,33.4510738710458,94.7689703728739,38.3039714169708
"Russian Federation-2013",26.1430678847682,35.2004751878831,95.8225352012461,39.4962759157176
"Russian Federation-2014",26.904750792083,34.8468515454242,96.3044225477918,40.1660854387322
"Russian Federation-2015",25.6278916602401,34.4299166366731,92.7883083026738,38.422622413203
"Russian Federation-2016",27.1700298827401,35.235009001539,97.6880288051943,40.6827198576413
"Russian Federation-2017",29.2704154315435,34.9540318911138,97.606185060096,42.3064181761166
"Russian Federation-2018",29.9680785788106,34.6965352925417,97.8647513068542,42.8890566836393
"Russian Federation-2019",32.0904718806919,34.9729876902963,99.0023688079296,44.8180411475845
"Slovenia-2004",74.8755916391991,52.4147745220501,88.4562694080839,78.0265842095033
"Slovenia-2005",74.6007896062219,49.8939553789311,88.074010598953,77.5266424651422
"Slovenia-2006",75.1841990595849,50.3113070108935,88.5262689110317,78.1125600023095
"Slovenia-2007",75.4169570957113,49.1038744674778,89.1779352764756,78.3273953423279
"Slovenia-2008",77.1353227587294,50.6690562731666,90.0511395991276,79.9895174539814
"Slovenia-2009",77.3616002043856,54.5378799246075,90.1820888490957,80.5115208518858
"Slovenia-2010",75.3359353952035,54.178527604348,90.3414933797932,78.9099470077901
"Slovenia-2011",75.9340347869782,51.3933194573534,90.5541400938243,79.1976269624893
"Slovenia-2012",75.0547114939626,53.9419599302011,91.1721239766317,78.8328967126355
"Slovenia-2013",74.4767328516488,56.5408811756793,91.1597512754505,78.585669697785
"Slovenia-2014",75.2588052395161,61.6028060852306,91.586422332268,79.7041662969633
"Slovenia-2015",74.9049728577212,56.1608577396787,91.6377054836843,78.9885349798383
"Slovenia-2016",76.7642780032532,56.527208494032,91.7180261939962,80.5065823523327
"Slovenia-2017",75.826636893084,54.844313241874,92.1555093938546,79.7132829599419
"Slovenia-2018",76.6545980207942,57.4179205042183,92.3272024317783,80.6136847772536
"Slovenia-2019",78.2022891780718,57.8783551599015,92.5277492550178,81.9165985308989
"South Africa-2004",20.7720822728418,10.9508588294376,27.1113015659765,19.6104062218425
"South Africa-2005",20.9953383996725,12.4201059159588,30.2120607585045,20.523368497234
"South Africa-2006",21.4551056973523,11.8811477979856,31.480907927431,21.0952670722298
"South Africa-2007",21.3078444395843,10.9208272012596,34.8963299616739,21.578401994498
"South Africa-2008",22.9559126530316,10.1828668221718,37.413748752679,23.3228241910292
"South Africa-2009",24.7881539312747,10.2101979144073,41.0695578919715,25.5018464020408
"South Africa-2010",27.5248098101063,11.7876308729608,44.6520684933329,28.5093206182614
"South Africa-2011",30.2525034317132,11.7653338515801,50.1947412121227,31.7680169651681
"South Africa-2012",30.7189604760886,12.2172298367545,53.9364962910312,32.9175301577366
"South Africa-2013",32.9100967728383,12.5910291351174,56.0223028664543,35.0972438740292
"South Africa-2014",32.7377805008867,12.45278395156,57.4398399816671,35.2310445167701
"South Africa-2015",33.043965725589,14.2434180084306,58.7534369194071,35.8810177725116
"South Africa-2016",34.2510039344671,14.6351854946545,56.7896217015504,36.478710906232
"South Africa-2017",33.1611021991696,15.1967826120643,58.4042188671205,35.9824743269645
"South Africa-2018",33.5326325680613,15.7495292821636,59.5146710174823,36.5424574831787
"South Africa-2019",34.8088785552798,15.9287951080134,60.756795079086,37.8143089454642
"Spain-2004",79.0267380099666,34.0537933645607,82.5173683787181,78.6299461885016
"Spain-2005",80.1532535136616,31.7947531600392,84.1758920438645,79.6662681424948
"Spain-2006",74.905753475889,34.1675918746371,85.0513758158576,75.8798129957088
"Spain-2007",75.3042780694428,35.2150071218064,85.4758089111499,76.3654222098232
"Spain-2008",75.671257507435,37.1334303835654,85.497289616327,76.8173529484841
"Spain-2009",74.7231582729363,42.0633739776014,85.8497487164698,76.540449918628
"Spain-2010",75.5383310894812,47.1384344626097,86.1398198267178,77.6590976861767
"Spain-2011",77.1009496915471,45.5154404945444,86.5423954928379,78.8433331266971
"Spain-2012",76.2217760645436,45.4487705561866,86.1909614385274,78.0719916273703
"Spain-2013",75.6553213517005,52.2747222646388,86.3968814881192,78.2234223657503
"Spain-2014",74.6349925137845,52.4683194490843,86.6025550649245,77.4722902718672
"Spain-2015",74.6334931932951,48.8162993747125,86.5431083509219,77.1602105401661
"Spain-2016",76.4004324858029,51.336525794644,86.7029117403257,78.7973083215302
"Spain-2017",75.1404205177494,47.0709569333414,86.9862389668388,77.5066452804334
"Spain-2018",75.5781098201545,50.808740531366,87.238437188213,78.2093834300589
"Spain-2019",76.4569866757818,50.6971489096272,87.4719306273828,78.9424656082266
"Sweden-2004",97.826963268828,67.1372670335466,87.6070896294137,97.235212800325
"Sweden-2005",94.5285445042923,71.4300774306121,88.5154931800325,95.1557049186959
"Sweden-2006",94.2331880487161,70.5160660388621,89.4381630078631,95.0302663613257
"Sweden-2007",96.3355070503694,72.1512651971289,89.9474035394745,96.9298240616434
"Sweden-2008",95.9828309566102,73.9569513237445,89.7200848081507,96.7533232672398
"Sweden-2009",96.7808761447657,77.1231120183924,90.0712615242124,97.7142162354416
"Sweden-2010",96.7485950536485,74.2757961161953,90.639091756329,97.5682575108658
"Sweden-2011",98.4981700913079,75.4232195596967,90.8586965875253,99.0910582166312
"Sweden-2012",98.9456988996807,77.7589739176223,90.9389290454351,99.6526103485475
"Sweden-2013",98.6159955976148,70.2679797360119,89.2804619497841,98.4486825522765
"Sweden-2014",97.0474656954459,71.6877053546881,89.6803739400294,97.4025108762007
"Sweden-2015",96.913904048178,76.123649520519,90.1063177346651,97.7446511789166
"Sweden-2016",97.0511629413191,72.6345889261043,89.926777617022,97.5319249030209
"Sweden-2017",96.5546981607925,73.2218617834823,89.7860578662946,97.1589978321283
"Sweden-2018",96.6106102886287,72.1323242181134,89.6909038221261,97.0951376648073
"Sweden-2019",97.0371718432799,73.5713033602574,89.9895074924492,97.6100200438875
"Switzerland-2004",96.9717879674697,57.5391413866299,79.6410121207942,94.1898577082304
"Switzerland-2005",94.7004864808059,58.6131777410828,80.8236032100616,92.7144176339148
"Switzerland-2006",95.5218329025793,56.4401100825458,81.9416116633537,93.4088073477863
"Switzerland-2007",96.3749707383056,58.7755917036167,83.0668589684234,94.4990369549934
"Switzerland-2008",95.9252159084812,59.109108551388,83.9393264282118,94.3435507501702
"Switzerland-2009",95.5812566154618,59.446730253525,84.3214126000612,94.1747635890906
"Switzerland-2010",95.6894323729423,59.8005408669982,84.5253903596015,94.3299008319048
"Switzerland-2011",95.8829571587384,59.348654965148,85.0193426212551,94.5442243470416
"Switzerland-2012",97.6155163928578,62.3823972621928,85.3591794934318,96.2319152002989
"Switzerland-2013",97.0135741907143,62.255120608827,85.9068043600289,95.8536781372246
"Switzerland-2014",99.945707671691,62.5329240034655,86.1217095521331,98.2406092107686
"Switzerland-2015",98.4563391642668,65.2066529855895,86.130078784732,97.2820420911876
"Switzerland-2016",99.0532017681068,65.1670595338829,86.1171707663849,97.7487973963716
"Switzerland-2017",98.9093197427177,66.013866129091,85.7138606514691,97.6241239697523
"Switzerland-2018",99.2277578756508,63.8604468033005,85.0320612633843,97.5644693321709
"Switzerland-2019",97.6179822960039,64.4497215442543,85.331071520194,96.3975900132972
"Thailand-2004",42.8490611851294,36.6147092274503,69.2241620187537,47.5559520360375
"Thailand-2005",43.288067823179,36.4337223410402,71.5536337318814,48.3513920795765
"Thailand-2006",38.3091738434824,37.3400331085299,81.7115819980772,46.501192819856
"Thailand-2007",38.5032660875772,37.438554954319,78.7957777951518,46.0837927972628
"Thailand-2008",37.9716613666725,37.442097989789,81.0360842818714,46.1081604786341
"Thailand-2009",38.3546606188773,37.3821958363217,85.7260478292354,47.3380164520713
"Thailand-2010",38.0517065828109,36.3022426093021,87.7822628597704,47.4181183964711
"Thailand-2011",40.3892031385632,37.9078964911705,88.2758119248819,49.4983399342955
"Thailand-2012",41.1937378902406,37.6644582841484,89.1770388843651,50.2943904403645
"Thailand-2013",41.0600662950865,37.2141041362142,91.5068690768231,50.6144277774766
"Thailand-2014",41.3900534445713,37.536431835945,93.8087505687543,51.3592918119185
"Thailand-2015",41.2474510916214,37.1884007374421,95.3660961461815,51.5272065226811
"Thailand-2016",41.7341410056918,40.6946315582913,98.6595059429674,52.853825549064
"Thailand-2017",43.2144871163351,40.9973683980309,99.1989719692869,54.1578209928033
"Thailand-2018",43.0961350528995,42.2461778318786,99.6999375881358,54.2658911623986
"Thailand-2019",45.5042575712814,43.0058221419987,100,56.294315125365
"United Kingdom-2004",88.15548094232,11.5350230049288,77.7584534161162,83.0681484383697
"United Kingdom-2005",86.2271946044496,12.1593094561947,79.3274253029946,81.9041987796118
"United Kingdom-2006",89.4898039846745,12.5793290912133,80.3319835261421,84.7212702780341
"United Kingdom-2007",88.7524920055321,13.2385875549565,81.0702922917395,84.338142946627
"United Kingdom-2008",87.7696280134799,14.2257685378683,81.2360855297031,83.6737435253762
"United Kingdom-2009",84.8929283022666,16.4339349908852,81.4906242657174,81.6275337362891
"United Kingdom-2010",87.2597916960775,16.1951603192133,81.5109228360115,83.4859577642539
"United Kingdom-2011",86.5940303456908,19.1042785875745,81.5140484830662,83.1977115710549
"United Kingdom-2012",87.3457359168669,19.8186047181698,81.5373235201266,83.8559922728312
"United Kingdom-2013",88.1459294926584,22.3062475735502,81.579851934638,84.7017144085531
"United Kingdom-2014",89.5877869704364,25.9754796529825,81.7111845181842,86.1698749157538
"United Kingdom-2015",90.6590633682433,29.7007908675579,81.6943185959176,87.319787861389
"United Kingdom-2016",88.7103609888422,30.238364842364,81.5917018890523,85.8005601105994
"United Kingdom-2017",87.5114310209029,33.4042127924085,81.4059805612643,85.0736976611864
"United Kingdom-2018",86.3275587959087,35.9466587381743,81.2398194888228,84.3115881082635
"United Kingdom-2019",87.1178828164732,38.5161492881665,81.8429940539336,85.2675551300701
